Geo,Year,D4c
1,2005,61.34937671
2,2005,10.86747075
3,2005,7.769135036
4,2005,5.439559314
5,2005,6.988727169
6,2005,5.823939307
7,2005,17.08743792
8,2005,17.08743793
9,2005,24.4605451
10,2005,17.08743793
11,2005,17.85619792
12,2005,17.85619792
13,2005,15.92265007
14,2005,17.85619792
15,2005,15.92265007
16,2005,7.769135036
17,2005,61.34937666
18,2005,61.34937669
19,2005,61.34937667
20,2005,17.47181792
21,2005,61.34937667
22,2005,20.96618151
23,2005,15.92265007
24,2005,15.92265007
25,2005,21.74658937
26,2005,21.74658937
27,2005,22.91137724
28,2005,24.0761651
29,2005,53.96462163
30,2005,34.16322798
31,2005,20.96618151
32,2005,20.96618151
33,2005,17.47181792
34,2005,61.34937666
35,2005,48.53671019
36,2005,48.5367102
37,2005,16.69141005
38,2005,12.42828648
39,2005,16.69141006
40,2005,36.10842371
41,2005,34.16322798
42,2005,36.10842371
43,2005,34.16322798
44,2005,7.769135037
45,2005,34.16322798
46,2005,12.81266648
47,2005,19.02098578
48,2005,19.02098578
49,2005,10.48309076
50,2005,13.19704647
51,2005,16.69141006
52,2005,8.537895025
53,2005,16.69141006
54,2005,14.75786221
55,2005,11.26349862
56,2005,14.75786221
57,2005,11.26349862
58,2005,8.537895025
59,2005,8.537895024
60,2005,14.36183433
61,2005,14.75786221
62,2005,14.7578622
63,2005,15.52662219
64,2005,15.52662219
65,2005,17.85619792
66,2005,14.36183433
67,2005,14.36183433
68,2005,19.02098578
69,2005,19.02098578
70,2005,17.08743793
71,2005,17.08743793
72,2005,23.29575723
73,2005,8.933922898
74,2005,52.03107378
75,2005,33.39446798
76,2005,26.79012082
77,2005,33.39446799
78,2005,33.39446799
79,2005,33.39446799
80,2005,45.4267266
81,2005,45.42672658
82,2005,137.4449677
83,2005,137.4449677
84,2005,137.4449676
85,2005,61.3493767
86,2005,44.26193874
87,2005,5.439559313
88,2005,19.02098577
89,2005,13.97745434
90,2005,19.02098578
91,2005,13.97745433
92,2005,5.439559312
93,2005,8.933922901
94,2005,8.933922898
95,2005,8.933922899
96,2005,14.75786221
97,2005,14.75786221
98,2005,14.7578622
99,2005,14.75786221
100,2005,11.26349862
101,2005,11.26349862
102,2005,10.86747075
103,2005,11.26349862
104,2005,5.043531439
105,2005,0.780407867
106,2005,5.823939306
107,2005,60.18458881
108,2005,16.69141006
109,2005,2.329575724
110,2005,14.7578622
111,2005,14.75786221
112,2005,12.81266648
113,2005,31.83365225
114,2005,53.96462163
115,2005,15.92265007
116,2005,20.96618151
117,2005,10.86747074
118,2005,53.96462163
119,2005,20.58180151
120,2005,13.19704647
121,2005,24.46054509
122,2005,20.58180152
123,2005,13.19704647
124,2005,28.73531655
125,2005,17.08743793
126,2005,17.08743793
127,2005,5.439559313
128,2005,0
129,2005,0
130,2005,13.19704647
131,2005,10.09871076
132,2005,1.945195729
133,2005,13.19704647
134,2005,12.03225861
135,2005,8.537895024
136,2005,10.86747075
137,2005,10.86747074
138,2005,10.48309075
139,2005,15.92265006
140,2005,12.03225861
141,2005,12.03225861
142,2005,12.03225861
143,2005,8.537895024
144,2005,12.03225861
145,2005,20.58180151
146,2005,20.58180151
147,2005,20.58180152
148,2005,20.58180151
149,2005,0
150,2005,15.1422422
151,2005,20.18577364
152,2005,13.19704647
153,2005,0
154,2005,15.1422422
155,2005,15.1422422
156,2005,14.75786221
157,2005,2.329575723
158,2005,9.318302892
159,2005,11.26349862
160,2005,1.164787862
161,2005,9.318302892
162,2005,1.549167855
163,2005,13.59307435
164,2005,7.769135035
165,2005,7.769135037
166,2005,7.769135036
167,2005,13.59307434
168,2005,7.769135039
169,2005,3.10998359
170,2005,61.34937667
171,2005,14.36183433
172,2005,13.19704647
173,2005,13.19704647
174,2005,15.92265007
175,2005,1.94519573
176,2005,3.878743579
177,2005,15.92265007
178,2005,1.945195729
179,2005,1.945195729
180,2005,1.164787861
181,2005,1.549167856
182,2005,1.549167856
183,2005,7.769135039
184,2005,2.329575723
185,2005,1.164787861
186,2005,4.274771451
187,2005,7.373107164
188,2005,7.373107166
189,2005,4.27477145
190,2005,35.32801583
191,2005,6.988727169
192,2005,3.10998359
193,2005,3.109983591
194,2005,10.48309075
195,2005,4.274771452
196,2005,10.09871076
197,2005,6.604347175
198,2005,2.329575723
199,2005,10.09871076
200,2005,6.604347177
201,2005,6.604347178
202,2005,5.439559311
203,2005,3.878743579
204,2005,2.329575723
205,2005,5.439559311
206,2005,70.27165169
207,2005,0
208,2005,0
209,2005,3.878743579
210,2005,0
211,2005,10.09871076
212,2005,0
213,2005,12.03225861
214,2005,12.03225861
215,2005,0
216,2005,20.96618151
217,2005,20.96618152
218,2005,20.9661815
219,2005,8.933922899
220,2005,8.933922894
221,2005,8.9339229
222,2005,8.933922898
223,2005,0
224,2005,0
225,2005,0
226,2005,0
227,2005,0
228,2005,0
229,2005,0
230,2005,0
231,2005,0
232,2005,0
233,2005,5.439559314
234,2005,6.208319302
235,2005,6.208319302
236,2005,7.373107168
237,2005,7.373107164
238,2005,6.208319302
239,2005,0
240,2005,0
241,2005,0
242,2005,0
243,2005,0
244,2005,0
245,2005,0
246,2005,0
247,2005,7.373107156
248,2005,0
249,2005,0
250,2005,8.933922899
251,2005,0
252,2005,11.26349862
253,2005,11.26349862
254,2005,11.26349863
255,2005,2.329575724
256,2005,3.878743579
257,2005,3.494363585
258,2005,9.318302893
259,2005,9.318302893
260,2005,9.318302892
261,2005,8.15351503
262,2005,8.153515031
263,2005,4.659151446
264,2005,4.659151446
265,2005,15.92265007
266,2005,9.318302893
267,2005,4.274771453
268,2005,3.494363584
269,2005,28.33928868
270,2005,3.494363583
271,2005,28.33928867
272,2005,10.86747075
273,2005,20.58180151
274,2005,20.58180151
275,2005,11.26349862
276,2005,11.26349862
277,2005,5.439559314
278,2005,0.780407867
279,2005,11.26349862
280,2005,11.26349862
281,2005,5.439559315
282,2005,5.823939307
283,2005,6.988727169
284,2005,0.780407867
285,2005,6.98872717
286,2005,7.373107165
287,2005,4.659151447
288,2005,8.153515032
289,2005,8.153515033
290,2005,15.1422422
291,2005,15.14224221
292,2005,2.329575723
293,2005,7.373107163
294,2005,8.153515034
295,2005,8.933922898
296,2005,7.373107162
297,2005,7.373107164
298,2005,6.604347176
299,2005,15.14224219
300,2005,2.329575723
301,2005,2.329575723
302,2005,4.274771451
303,2005,4.274771451
304,2005,1.164787862
305,2005,0
306,2005,4.274771453
307,2005,4.274771452
308,2005,5.823939309
309,2005,4.659151446
310,2005,4.659151447
311,2005,0
312,2005,4.659151446
313,2005,0
314,2005,3.494363584
315,2005,15.92265006
316,2005,8.933922899
317,2005,8.933922893
318,2005,15.92265006
319,2005,1.164787861
320,2005,7.373107163
321,2005,8.933922899
322,2005,8.933922899
323,2005,15.52662219
324,2005,15.5266222
325,2005,0
326,2005,7.373107162
327,2005,8.933922898
328,2005,2.329575723
329,2005,2.329575723
330,2005,2.329575723
331,2005,8.933922902
332,2005,8.933922898
333,2005,13.59307435
334,2005,27.95490868
335,2005,4.659151447
336,2005,12.03225861
337,2005,13.59307435
338,2005,8.933922898
339,2005,13.19704647
340,2005,8.933922901
341,2005,12.03225861
342,2005,12.03225861
343,2005,1.549167857
344,2005,4.659151446
345,2005,4.659151444
346,2005,4.659151447
347,2005,0
348,2005,13.59307434
349,2005,5.043531441
350,2005,13.59307434
351,2005,13.59307434
352,2005,0
353,2005,0
354,2005,0.780407868
355,2005,0
356,2005,0
357,2005,0
358,2005,0
359,2005,0
360,2005,0
361,2005,0
362,2005,0
363,2005,0
364,2005,0
365,2005,2.329575724
366,2005,2.329575723
367,2005,3.878743578
368,2005,3.10998359
369,2005,0
370,2005,0
371,2005,0
372,2005,5.04353144
373,2005,0
374,2005,2.329575723
375,2005,0
376,2005,0
377,2005,0
378,2005,0
379,2005,0
380,2005,0
381,2005,6.208319302
382,2005,0
383,2005,2.329575723
384,2005,2.329575723
385,2005,0
386,2005,4.659151446
387,2005,4.659151446
388,2005,4.659151446
389,2005,4.659151446
390,2005,2.329575723
391,2005,2.329575723
392,2005,2.329575724
393,2005,2.329575723
394,2005,2.329575723
395,2005,1.945195729
396,2005,1.945195729
397,2005,2.329575723
398,2005,4.659151446
399,2005,4.659151446
400,2005,1.164787861
401,2005,1.164787861
402,2005,2.329575723
403,2005,1.164787861
404,2005,1.164787861
405,2005,1.164787861
406,2005,2.329575723
407,2005,1.164787861
408,2005,1.164787861
409,2005,10.48309075
410,2005,4.659151446
411,2005,2.329575723
412,2005,1.945195729
413,2005,1.945195729
414,2005,1.945195729
415,2005,11.26349862
416,2005,9.318302891
417,2005,9.318302891
418,2005,11.26349862
419,2005,2.329575722
420,2005,11.26349862
421,2005,5.04353144
422,2005,5.04353144
423,2005,6.988727168
424,2005,39.98716729
425,2005,6.208319301
426,2005,8.537895024
427,2005,8.537895024
428,2005,6.988727168
429,2005,2.329575723
430,2005,7.373107163
431,2005,2.329575723
432,2005,6.988727168
433,2005,4.659151446
434,2005,2.329575723
435,2005,6.208319301
436,2005,2.329575723
437,2005,2.329575723
438,2005,2.329575723
439,2005,6.208319301
440,2005,6.208319301
441,2005,6.208319301
442,2005,2.713955717
443,2005,0
444,2005,0
445,2005,9.318302891
446,2005,9.318302891
447,2005,2.329575723
448,2005,28.33928867
449,2005,1.164787861
450,2005,4.659151446
451,2005,4.659151446
452,2005,60.1845888
453,2005,28.33928867
454,2005,2.329575723
455,2005,9.318302891
456,2005,2.329575723
457,2005,2.329575723
458,2005,5.04353144
459,2005,5.04353144
1,2010,64.99461409
2,2010,11.5131906
3,2010,8.230758988
4,2010,5.762765288
5,2010,7.403981098
6,2010,6.169984249
7,2010,18.10273378
8,2010,18.10273378
9,2010,25.91393384
10,2010,18.10273378
11,2010,18.91717171
12,2010,18.91717171
13,2010,16.86873693
14,2010,18.91717171
15,2010,16.86873694
16,2010,8.230758987
17,2010,64.99461407
18,2010,64.9946141
19,2010,64.99461407
20,2010,18.50995274
21,2010,64.99461407
22,2010,22.2119433
23,2010,16.86873694
24,2010,16.86873694
25,2010,23.03872118
26,2010,23.03872118
27,2010,24.27271803
28,2010,25.50671488
29,2010,57.17107405
30,2010,36.1931276
31,2010,22.21194329
32,2010,22.21194329
33,2010,18.50995274
34,2010,64.99461407
35,2010,51.42064872
36,2010,51.42064872
37,2010,17.68317485
38,2010,13.16674639
39,2010,17.68317485
40,2010,38.25390234
41,2010,36.19312759
42,2010,38.25390234
43,2010,36.1931276
44,2010,8.230758987
45,2010,36.1931276
46,2010,13.57396534
47,2010,20.15116855
48,2010,20.15116855
49,2010,11.10597165
50,2010,13.98118431
51,2010,17.68317486
52,2010,9.045196909
53,2010,17.68317485
54,2010,15.63474009
55,2010,11.93274954
56,2010,15.63474009
57,2010,11.93274954
58,2010,9.045196907
59,2010,9.045196908
60,2010,15.21518116
61,2010,15.63474009
62,2010,15.63474009
63,2010,16.44917801
64,2010,16.449178
65,2010,18.9171717
66,2010,15.21518115
67,2010,15.21518116
68,2010,20.15116856
69,2010,20.15116856
70,2010,18.10273378
71,2010,18.10273378
72,2010,24.67993699
73,2010,9.464755837
74,2010,55.12263927
75,2010,35.37868968
76,2010,28.38192754
77,2010,35.37868968
78,2010,35.37868968
79,2010,35.37868968
80,2010,48.12587713
81,2010,48.12587712
82,2010,145.6116283
83,2010,145.6116283
84,2010,145.6116282
85,2010,64.9946141
86,2010,46.89188029
87,2010,5.762765287
88,2010,20.15116855
89,2010,14.8079622
90,2010,20.15116855
91,2010,14.8079622
92,2010,5.762765288
93,2010,9.46475584
94,2010,9.464755834
95,2010,9.464755838
96,2010,15.63474009
97,2010,15.63474009
98,2010,15.63474008
99,2010,15.63474009
100,2010,11.93274954
101,2010,11.93274954
102,2010,11.5131906
103,2010,11.93274954
104,2010,5.343206359
105,2010,0.826777889
106,2010,6.169984248
107,2010,63.76061722
108,2010,17.68317485
109,2010,2.4679937
110,2010,15.63474009
111,2010,15.63474008
112,2010,13.57396535
113,2010,33.7251339
114,2010,57.17107405
115,2010,16.86873694
116,2010,22.21194329
117,2010,11.51319061
118,2010,57.17107404
119,2010,21.80472433
120,2010,13.98118431
121,2010,25.91393384
122,2010,21.80472433
123,2010,13.98118431
124,2010,30.44270228
125,2010,18.10273378
126,2010,18.10273378
127,2010,5.76276529
128,2010,0
129,2010,0
130,2010,13.98118431
131,2010,10.69875269
132,2010,2.060774739
133,2010,13.9811843
134,2010,12.74718746
135,2010,9.045196909
136,2010,11.51319061
137,2010,11.51319061
138,2010,11.10597164
139,2010,16.86873693
140,2010,12.74718746
141,2010,12.74718746
142,2010,12.74718746
143,2010,9.045196907
144,2010,12.74718745
145,2010,21.80472433
146,2010,21.80472433
147,2010,21.80472433
148,2010,21.80472433
149,2010,0
150,2010,16.04195904
151,2010,21.3851654
152,2010,13.9811843
153,2010,0
154,2010,16.04195905
155,2010,16.04195905
156,2010,15.63474009
157,2010,2.467993699
158,2010,9.871974797
159,2010,11.93274953
160,2010,1.23399685
161,2010,9.871974798
162,2010,1.64121581
163,2010,14.40074324
164,2010,8.23075899
165,2010,8.230758988
166,2010,8.230758988
167,2010,14.40074323
168,2010,8.230758991
169,2010,3.294771589
170,2010,64.99461405
171,2010,15.21518116
172,2010,13.9811843
173,2010,13.98118431
174,2010,16.86873694
175,2010,2.06077474
176,2010,4.109209508
177,2010,16.86873694
178,2010,2.060774739
179,2010,2.060774739
180,2010,1.233996849
181,2010,1.64121581
182,2010,1.64121581
183,2010,8.23075899
184,2010,2.467993699
185,2010,1.23399685
186,2010,4.528768438
187,2010,7.811200058
188,2010,7.811200061
189,2010,4.528768436
190,2010,37.42712445
191,2010,7.403981098
192,2010,3.294771589
193,2010,3.294771589
194,2010,11.10597165
195,2010,4.528768438
196,2010,10.69875269
197,2010,6.996762137
198,2010,2.467993699
199,2010,10.69875269
200,2010,6.996762137
201,2010,6.99676214
202,2010,5.762765285
203,2010,4.109209509
204,2010,2.4679937
205,2010,5.762765287
206,2010,74.44702994
207,2010,0
208,2010,0
209,2010,4.10920951
210,2010,0
211,2010,10.69875269
212,2010,0
213,2010,12.74718746
214,2010,12.74718746
215,2010,0
216,2010,22.21194329
217,2010,22.2119433
218,2010,22.21194329
219,2010,9.464755837
220,2010,9.464755833
221,2010,9.464755838
222,2010,9.464755837
223,2010,0
224,2010,0
225,2010,0
226,2010,0
227,2010,0
228,2010,0
229,2010,0
230,2010,0
231,2010,0
232,2010,0
233,2010,5.762765288
234,2010,6.577203211
235,2010,6.577203209
236,2010,7.811200061
237,2010,7.811200059
238,2010,6.577203208
239,2010,0
240,2010,0
241,2010,0
242,2010,0
243,2010,0
244,2010,0
245,2010,0
246,2010,0
247,2010,7.811200048
248,2010,0
249,2010,0
250,2010,9.464755838
251,2010,0
252,2010,11.93274954
253,2010,11.93274954
254,2010,11.93274954
255,2010,2.4679937
256,2010,4.10920951
257,2010,3.701990549
258,2010,9.871974796
259,2010,9.8719748
260,2010,9.8719748
261,2010,8.637977947
262,2010,8.637977947
263,2010,4.935987399
264,2010,4.935987399
265,2010,16.86873693
266,2010,9.871974798
267,2010,4.528768438
268,2010,3.701990549
269,2010,30.02314335
270,2010,3.701990548
271,2010,30.02314335
272,2010,11.51319061
273,2010,21.80472433
274,2010,21.80472433
275,2010,11.93274954
276,2010,11.93274953
277,2010,5.762765288
278,2010,0.826777889
279,2010,11.93274953
280,2010,11.93274954
281,2010,5.76276529
282,2010,6.169984247
283,2010,7.403981098
284,2010,0.826777889
285,2010,7.403981098
286,2010,7.811200059
287,2010,4.935987398
288,2010,8.637977946
289,2010,8.637977943
290,2010,16.04195904
291,2010,16.04195905
292,2010,2.4679937
293,2010,7.811200058
294,2010,8.637977948
295,2010,9.464755837
296,2010,7.811200061
297,2010,7.811200059
298,2010,6.996762135
299,2010,16.04195905
300,2010,2.467993699
301,2010,2.467993699
302,2010,4.528768437
303,2010,4.528768439
304,2010,1.23399685
305,2010,0
306,2010,4.528768438
307,2010,4.528768439
308,2010,6.169984249
309,2010,4.935987398
310,2010,4.935987399
311,2010,0
312,2010,4.935987398
313,2010,0
314,2010,3.701990548
315,2010,16.86873693
316,2010,9.464755834
317,2010,9.464755837
318,2010,16.86873694
319,2010,1.233996849
320,2010,7.811200056
321,2010,9.464755837
322,2010,9.464755838
323,2010,16.44917801
324,2010,16.44917801
325,2010,0
326,2010,7.811200056
327,2010,9.464755837
328,2010,2.467993699
329,2010,2.467993699
330,2010,2.467993699
331,2010,9.464755838
332,2010,9.464755836
333,2010,14.40074323
334,2010,29.6159244
335,2010,4.935987399
336,2010,12.74718746
337,2010,14.40074323
338,2010,9.464755837
339,2010,13.98118431
340,2010,9.464755837
341,2010,12.74718746
342,2010,12.74718746
343,2010,1.641215811
344,2010,4.9359874
345,2010,4.935987398
346,2010,4.935987399
347,2010,0
348,2010,14.40074323
349,2010,5.343206357
350,2010,14.40074323
351,2010,14.40074324
352,2010,0
353,2010,0
354,2010,0.82677789
355,2010,0
356,2010,0
357,2010,0
358,2010,0
359,2010,0
360,2010,0
361,2010,0
362,2010,0
363,2010,0
364,2010,0
365,2010,2.467993699
366,2010,2.467993699
367,2010,4.109209509
368,2010,3.294771588
369,2010,0
370,2010,0
371,2010,0
372,2010,5.343206359
373,2010,0
374,2010,2.467993699
375,2010,0
376,2010,0
377,2010,0
378,2010,0
379,2010,0
380,2010,0
381,2010,6.577203209
382,2010,0
383,2010,2.467993699
384,2010,2.467993699
385,2010,0
386,2010,4.935987398
387,2010,4.935987398
388,2010,4.935987398
389,2010,4.935987398
390,2010,2.467993699
391,2010,2.467993699
392,2010,2.467993699
393,2010,2.467993699
394,2010,2.467993699
395,2010,2.060774739
396,2010,2.060774739
397,2010,2.467993699
398,2010,4.935987398
399,2010,4.935987398
400,2010,1.23399685
401,2010,1.23399685
402,2010,2.467993699
403,2010,1.23399685
404,2010,1.23399685
405,2010,1.23399685
406,2010,2.467993699
407,2010,1.23399685
408,2010,1.23399685
409,2010,11.10597165
410,2010,4.935987398
411,2010,2.467993699
412,2010,2.060774739
413,2010,2.060774739
414,2010,2.060774739
415,2010,11.93274954
416,2010,9.871974797
417,2010,9.871974797
418,2010,11.93274954
419,2010,2.467993699
420,2010,11.93274954
421,2010,5.343206359
422,2010,5.343206359
423,2010,7.403981098
424,2010,42.36311185
425,2010,6.577203208
426,2010,9.045196908
427,2010,9.045196908
428,2010,7.403981098
429,2010,2.467993699
430,2010,7.811200058
431,2010,2.467993699
432,2010,7.403981098
433,2010,4.935987398
434,2010,2.467993699
435,2010,6.577203208
436,2010,2.467993699
437,2010,2.467993699
438,2010,2.467993699
439,2010,6.577203208
440,2010,6.577203208
441,2010,6.577203208
442,2010,2.87521266
443,2010,0
444,2010,0
445,2010,9.871974797
446,2010,9.871974797
447,2010,2.467993699
448,2010,30.02314335
449,2010,1.23399685
450,2010,4.935987398
451,2010,4.935987398
452,2010,63.76061722
453,2010,30.02314335
454,2010,2.467993699
455,2010,9.871974797
456,2010,2.467993699
457,2010,2.467993699
458,2010,5.343206359
459,2010,5.343206359
1,2020,52.67
2,2020,9.33
3,2020,6.67
4,2020,4.67
5,2020,6
6,2020,5
7,2020,14.67
8,2020,14.67
9,2020,21
10,2020,14.67
11,2020,15.33
12,2020,15.33
13,2020,13.67
14,2020,15.33
15,2020,13.67
16,2020,6.67
17,2020,52.67
18,2020,52.67
19,2020,52.67
20,2020,15
21,2020,52.67
22,2020,18
23,2020,13.67
24,2020,13.67
25,2020,18.67
26,2020,18.67
27,2020,19.67
28,2020,20.67
29,2020,46.33
30,2020,29.33
31,2020,18
32,2020,18
33,2020,15
34,2020,52.67
35,2020,41.67
36,2020,41.67
37,2020,14.33
38,2020,10.67
39,2020,14.33
40,2020,31
41,2020,29.33
42,2020,31
43,2020,29.33
44,2020,6.67
45,2020,29.33
46,2020,11
47,2020,16.33
48,2020,16.33
49,2020,9
50,2020,11.33
51,2020,14.33
52,2020,7.33
53,2020,14.33
54,2020,12.67
55,2020,9.67
56,2020,12.67
57,2020,9.67
58,2020,7.33
59,2020,7.33
60,2020,12.33
61,2020,12.67
62,2020,12.67
63,2020,13.33
64,2020,13.33
65,2020,15.33
66,2020,12.33
67,2020,12.33
68,2020,16.33
69,2020,16.33
70,2020,14.67
71,2020,14.67
72,2020,20
73,2020,7.67
74,2020,44.67
75,2020,28.67
76,2020,23
77,2020,28.67
78,2020,28.67
79,2020,28.67
80,2020,39
81,2020,39
82,2020,118
83,2020,118
84,2020,118
85,2020,52.67
86,2020,38
87,2020,4.67
88,2020,16.33
89,2020,12
90,2020,16.33
91,2020,12
92,2020,4.67
93,2020,7.67
94,2020,7.67
95,2020,7.67
96,2020,12.67
97,2020,12.67
98,2020,12.67
99,2020,12.67
100,2020,9.67
101,2020,9.67
102,2020,9.33
103,2020,9.67
104,2020,4.33
105,2020,0.67
106,2020,5
107,2020,51.67
108,2020,14.33
109,2020,2
110,2020,12.67
111,2020,12.67
112,2020,11
113,2020,27.33
114,2020,46.33
115,2020,13.67
116,2020,18
117,2020,9.33
118,2020,46.33
119,2020,17.67
120,2020,11.33
121,2020,21
122,2020,17.67
123,2020,11.33
124,2020,24.67
125,2020,14.67
126,2020,14.67
127,2020,4.67
128,2020,0
129,2020,0
130,2020,11.33
131,2020,8.67
132,2020,1.67
133,2020,11.33
134,2020,10.33
135,2020,7.33
136,2020,9.33
137,2020,9.33
138,2020,9
139,2020,13.67
140,2020,10.33
141,2020,10.33
142,2020,10.33
143,2020,7.33
144,2020,10.33
145,2020,17.67
146,2020,17.67
147,2020,17.67
148,2020,17.67
149,2020,0
150,2020,13
151,2020,17.33
152,2020,11.33
153,2020,0
154,2020,13
155,2020,13
156,2020,12.67
157,2020,2
158,2020,8
159,2020,9.67
160,2020,1
161,2020,8
162,2020,1.33
163,2020,11.67
164,2020,6.67
165,2020,6.67
166,2020,6.67
167,2020,11.67
168,2020,6.67
169,2020,2.67
170,2020,52.67
171,2020,12.33
172,2020,11.33
173,2020,11.33
174,2020,13.67
175,2020,1.67
176,2020,3.33
177,2020,13.67
178,2020,1.67
179,2020,1.67
180,2020,1
181,2020,1.33
182,2020,1.33
183,2020,6.67
184,2020,2
185,2020,1
186,2020,3.67
187,2020,6.33
188,2020,6.33
189,2020,3.67
190,2020,30.33
191,2020,6
192,2020,2.67
193,2020,2.67
194,2020,9
195,2020,3.67
196,2020,8.67
197,2020,5.67
198,2020,2
199,2020,8.67
200,2020,5.67
201,2020,5.67
202,2020,4.67
203,2020,3.33
204,2020,2
205,2020,4.67
206,2020,60.33
207,2020,0
208,2020,0
209,2020,3.33
210,2020,0
211,2020,8.67
212,2020,0
213,2020,10.33
214,2020,10.33
215,2020,0
216,2020,18
217,2020,18
218,2020,18
219,2020,7.67
220,2020,7.67
221,2020,7.67
222,2020,7.67
223,2020,0
224,2020,0
225,2020,0
226,2020,0
227,2020,0
228,2020,0
229,2020,0
230,2020,0
231,2020,0
232,2020,0
233,2020,4.67
234,2020,5.33
235,2020,5.33
236,2020,6.33
237,2020,6.33
238,2020,5.33
239,2020,0
240,2020,0
241,2020,0
242,2020,0
243,2020,0
244,2020,0
245,2020,0
246,2020,0
247,2020,6.33
248,2020,0
249,2020,0
250,2020,7.67
251,2020,0
252,2020,9.67
253,2020,9.67
254,2020,9.67
255,2020,2
256,2020,3.33
257,2020,3
258,2020,8
259,2020,8
260,2020,8
261,2020,7
262,2020,7
263,2020,4
264,2020,4
265,2020,13.67
266,2020,8
267,2020,3.67
268,2020,3
269,2020,24.33
270,2020,3
271,2020,24.33
272,2020,9.33
273,2020,17.67
274,2020,17.67
275,2020,9.67
276,2020,9.67
277,2020,4.67
278,2020,0.67
279,2020,9.67
280,2020,9.67
281,2020,4.67
282,2020,5
283,2020,6
284,2020,0.67
285,2020,6
286,2020,6.33
287,2020,4
288,2020,7
289,2020,7
290,2020,13
291,2020,13
292,2020,2
293,2020,6.33
294,2020,7
295,2020,7.67
296,2020,6.33
297,2020,6.33
298,2020,5.67
299,2020,13
300,2020,2
301,2020,2
302,2020,3.67
303,2020,3.67
304,2020,1
305,2020,0
306,2020,3.67
307,2020,3.67
308,2020,5
309,2020,4
310,2020,4
311,2020,0
312,2020,4
313,2020,0
314,2020,3
315,2020,13.67
316,2020,7.67
317,2020,7.67
318,2020,13.67
319,2020,1
320,2020,6.33
321,2020,7.67
322,2020,7.67
323,2020,13.33
324,2020,13.33
325,2020,0
326,2020,6.33
327,2020,7.67
328,2020,2
329,2020,2
330,2020,2
331,2020,7.67
332,2020,7.67
333,2020,11.67
334,2020,24
335,2020,4
336,2020,10.33
337,2020,11.67
338,2020,7.67
339,2020,11.33
340,2020,7.67
341,2020,10.33
342,2020,10.33
343,2020,1.33
344,2020,4
345,2020,4
346,2020,4
347,2020,0
348,2020,11.67
349,2020,4.33
350,2020,11.67
351,2020,11.67
352,2020,0
353,2020,0
354,2020,0.67
355,2020,0
356,2020,0
357,2020,0
358,2020,0
359,2020,0
360,2020,0
361,2020,0
362,2020,0
363,2020,0
364,2020,0
365,2020,2
366,2020,2
367,2020,3.33
368,2020,2.67
369,2020,0
370,2020,0
371,2020,0
372,2020,4.33
373,2020,0
374,2020,2
375,2020,0
376,2020,0
377,2020,0
378,2020,0
379,2020,0
380,2020,0
381,2020,5.33
382,2020,0
383,2020,2
384,2020,2
385,2020,0
386,2020,4
387,2020,4
388,2020,4
389,2020,4
390,2020,2
391,2020,2
392,2020,2
393,2020,2
394,2020,2
395,2020,1.67
396,2020,1.67
397,2020,2
398,2020,4
399,2020,4
400,2020,1
401,2020,1
402,2020,2
403,2020,1
404,2020,1
405,2020,1
406,2020,2
407,2020,1
408,2020,1
409,2020,9
410,2020,4
411,2020,2
412,2020,1.67
413,2020,1.67
414,2020,1.67
415,2020,9.67
416,2020,8
417,2020,8
418,2020,9.67
419,2020,2
420,2020,9.67
421,2020,4.33
422,2020,4.33
423,2020,6
424,2020,34.33
425,2020,5.33
426,2020,7.33
427,2020,7.33
428,2020,6
429,2020,2
430,2020,6.33
431,2020,2
432,2020,6
433,2020,4
434,2020,2
435,2020,5.33
436,2020,2
437,2020,2
438,2020,2
439,2020,5.33
440,2020,5.33
441,2020,5.33
442,2020,2.33
443,2020,0
444,2020,0
445,2020,8
446,2020,8
447,2020,2
448,2020,24.33
449,2020,1
450,2020,4
451,2020,4
452,2020,51.67
453,2020,24.33
454,2020,2
455,2020,8
456,2020,2
457,2020,2
458,2020,4.33
459,2020,4.33
1,2025,47.88264979
2,2025,8.481965493
3,2025,6.063741676
4,2025,4.245528279
5,2025,5.454640189
6,2025,4.54553349
7,2025,13.33659526
8,2025,13.33659526
9,2025,19.09124066
10,2025,13.33659526
11,2025,13.93660568
12,2025,13.93660568
13,2025,12.42748856
14,2025,13.93660568
15,2025,12.42748856
16,2025,6.063741675
17,2025,47.88264978
18,2025,47.88264981
19,2025,47.88264979
20,2025,13.63660047
21,2025,47.88264978
22,2025,16.36392056
23,2025,12.42748856
24,2025,12.42748856
25,2025,16.97302205
26,2025,16.97302205
27,2025,17.88212875
28,2025,18.79123545
29,2025,42.11891332
30,2025,26.66409945
31,2025,16.36392056
32,2025,16.36392056
33,2025,13.63660047
34,2025,47.88264979
35,2025,37.8824761
36,2025,37.88247611
37,2025,13.02749898
38,2025,9.700168468
39,2025,13.02749898
40,2025,28.18230764
41,2025,26.66409945
42,2025,28.18230764
43,2025,26.66409945
44,2025,6.063741675
45,2025,26.66409945
46,2025,10.00017368
47,2025,14.84571238
48,2025,14.84571238
49,2025,8.181960283
50,2025,10.30017889
51,2025,13.02749898
52,2025,6.663752097
53,2025,13.02749898
54,2025,11.51838187
55,2025,8.791061768
56,2025,11.51838186
57,2025,8.791061772
58,2025,6.663752097
59,2025,6.663752096
60,2025,11.20928559
61,2025,11.51838187
62,2025,11.51838186
63,2025,12.11839228
64,2025,12.11839228
65,2025,13.93660568
66,2025,11.20928559
67,2025,11.20928559
68,2025,14.84571238
69,2025,14.84571238
70,2025,13.33659526
71,2025,13.33659526
72,2025,18.18213396
73,2025,6.972848374
74,2025,40.6097962
75,2025,26.06408903
76,2025,20.90945405
77,2025,26.06408903
78,2025,26.06408903
79,2025,26.06408903
80,2025,35.45516122
81,2025,35.4551612
82,2025,107.2745904
83,2025,107.2745904
84,2025,107.2745903
85,2025,47.8826498
86,2025,34.54605453
87,2025,4.245528279
88,2025,14.84571238
89,2025,10.90928038
90,2025,14.84571238
91,2025,10.90928038
92,2025,4.24552828
93,2025,6.972848377
94,2025,6.972848373
95,2025,6.972848375
96,2025,11.51838187
97,2025,11.51838186
98,2025,11.51838186
99,2025,11.51838187
100,2025,8.79106177
101,2025,8.79106177
102,2025,8.481965489
103,2025,8.791061769
104,2025,3.936432003
105,2025,0.609101488
106,2025,4.54553349
107,2025,46.97354309
108,2025,13.02749898
109,2025,1.818213397
110,2025,11.51838186
111,2025,11.51838187
112,2025,10.00017368
113,2025,24.84588606
114,2025,42.11891332
115,2025,12.42748856
116,2025,16.36392056
117,2025,8.481965492
118,2025,42.11891332
119,2025,16.06391535
120,2025,10.30017889
121,2025,19.09124066
122,2025,16.06391536
123,2025,10.30017889
124,2025,22.42766224
125,2025,13.33659526
126,2025,13.33659526
127,2025,4.24552828
128,2025,0
129,2025,0
130,2025,10.30017889
131,2025,7.881955072
132,2025,1.518208185
133,2025,10.30017889
134,2025,9.391072191
135,2025,6.663752096
136,2025,8.481965491
137,2025,8.481965492
138,2025,8.18196028
139,2025,12.42748856
140,2025,9.391072192
141,2025,9.391072194
142,2025,9.391072191
143,2025,6.663752095
144,2025,9.391072189
145,2025,16.06391535
146,2025,16.06391535
147,2025,16.06391535
148,2025,16.06391535
149,2025,0
150,2025,11.81838707
151,2025,15.75481908
152,2025,10.30017889
153,2025,0
154,2025,11.81838708
155,2025,11.81838707
156,2025,11.51838187
157,2025,1.818213396
158,2025,7.272853585
159,2025,8.791061769
160,2025,0.909106698
161,2025,7.272853585
162,2025,1.209111908
163,2025,10.60927516
164,2025,6.063741675
165,2025,6.063741676
166,2025,6.063741676
167,2025,10.60927516
168,2025,6.063741676
169,2025,2.427314884
170,2025,47.88264978
171,2025,11.20928559
172,2025,10.30017888
173,2025,10.30017889
174,2025,12.42748856
175,2025,1.518208186
176,2025,3.027325304
177,2025,12.42748856
178,2025,1.518208186
179,2025,1.518208186
180,2025,0.909106697
181,2025,1.209111908
182,2025,1.209111908
183,2025,6.063741677
184,2025,1.818213396
185,2025,0.909106698
186,2025,3.336421582
187,2025,5.754645399
188,2025,5.754645402
189,2025,3.336421582
190,2025,27.57320614
191,2025,5.45464019
192,2025,2.427314883
193,2025,2.427314883
194,2025,8.181960283
195,2025,3.336421581
196,2025,7.881955074
197,2025,5.154634978
198,2025,1.818213396
199,2025,7.881955072
200,2025,5.154634979
201,2025,5.154634982
202,2025,4.245528279
203,2025,3.027325304
204,2025,1.818213397
205,2025,4.245528278
206,2025,54.84640709
207,2025,0
208,2025,0
209,2025,3.027325305
210,2025,0
211,2025,7.881955072
212,2025,0
213,2025,9.39107219
214,2025,9.391072192
215,2025,0
216,2025,16.36392057
217,2025,16.36392056
218,2025,16.36392056
219,2025,6.972848374
220,2025,6.972848372
221,2025,6.972848375
222,2025,6.972848374
223,2025,0
224,2025,0
225,2025,0
226,2025,0
227,2025,0
228,2025,0
229,2025,0
230,2025,0
231,2025,0
232,2025,0
233,2025,4.24552828
234,2025,4.845538701
235,2025,4.845538701
236,2025,5.7546454
237,2025,5.754645399
238,2025,4.845538702
239,2025,0
240,2025,0
241,2025,0
242,2025,0
243,2025,0
244,2025,0
245,2025,0
246,2025,0
247,2025,5.754645395
248,2025,0
249,2025,0
250,2025,6.972848374
251,2025,0
252,2025,8.79106177
253,2025,8.791061773
254,2025,8.791061773
255,2025,1.818213396
256,2025,3.027325305
257,2025,2.727320093
258,2025,7.272853583
259,2025,7.272853585
260,2025,7.272853585
261,2025,6.363746887
262,2025,6.363746886
263,2025,3.636426792
264,2025,3.636426792
265,2025,12.42748856
266,2025,7.272853584
267,2025,3.336421581
268,2025,2.727320094
269,2025,22.11856596
270,2025,2.727320094
271,2025,22.11856596
272,2025,8.481965494
273,2025,16.06391536
274,2025,16.06391535
275,2025,8.79106177
276,2025,8.791061769
277,2025,4.24552828
278,2025,0.609101488
279,2025,8.791061769
280,2025,8.79106177
281,2025,4.245528282
282,2025,4.54553349
283,2025,5.454640188
284,2025,0.609101488
285,2025,5.454640188
286,2025,5.754645399
287,2025,3.636426793
288,2025,6.363746885
289,2025,6.363746887
290,2025,11.81838707
291,2025,11.81838707
292,2025,1.818213396
293,2025,5.754645398
294,2025,6.363746886
295,2025,6.972848374
296,2025,5.754645397
297,2025,5.754645399
298,2025,5.154634978
299,2025,11.81838707
300,2025,1.818213396
301,2025,1.818213396
302,2025,3.33642158
303,2025,3.336421583
304,2025,0.909106698
305,2025,0
306,2025,3.336421582
307,2025,3.336421582
308,2025,4.545533489
309,2025,3.636426792
310,2025,3.636426792
311,2025,0
312,2025,3.636426792
313,2025,0
314,2025,2.727320093
315,2025,12.42748856
316,2025,6.972848371
317,2025,6.97284837
318,2025,12.42748856
319,2025,0.909106698
320,2025,5.754645398
321,2025,6.972848374
322,2025,6.972848375
323,2025,12.11839228
324,2025,12.11839229
325,2025,0
326,2025,5.754645396
327,2025,6.972848374
328,2025,1.818213396
329,2025,1.818213396
330,2025,1.818213396
331,2025,6.972848375
332,2025,6.972848373
333,2025,10.60927517
334,2025,21.81856076
335,2025,3.636426792
336,2025,9.391072192
337,2025,10.60927516
338,2025,6.972848374
339,2025,10.30017889
340,2025,6.972848373
341,2025,9.391072191
342,2025,9.391072191
343,2025,1.209111906
344,2025,3.636426793
345,2025,3.636426791
346,2025,3.636426793
347,2025,0
348,2025,10.60927516
349,2025,3.936432001
350,2025,10.60927516
351,2025,10.60927517
352,2025,0
353,2025,0
354,2025,0.609101488
355,2025,0
356,2025,0
357,2025,0
358,2025,0
359,2025,0
360,2025,0
361,2025,0
362,2025,0
363,2025,0
364,2025,0
365,2025,1.818213396
366,2025,1.818213396
367,2025,3.027325304
368,2025,2.427314884
369,2025,0
370,2025,0
371,2025,0
372,2025,3.936432003
373,2025,0
374,2025,1.818213397
375,2025,0
376,2025,0
377,2025,0
378,2025,0
379,2025,0
380,2025,0
381,2025,4.845538702
382,2025,0
383,2025,1.818213396
384,2025,1.818213396
385,2025,0
386,2025,3.636426792
387,2025,3.636426792
388,2025,3.636426792
389,2025,3.636426792
390,2025,1.818213396
391,2025,1.818213396
392,2025,1.818213396
393,2025,1.818213396
394,2025,1.818213396
395,2025,1.518208186
396,2025,1.518208186
397,2025,1.818213396
398,2025,3.636426792
399,2025,3.636426792
400,2025,0.909106698
401,2025,0.909106698
402,2025,1.818213396
403,2025,0.909106698
404,2025,0.909106698
405,2025,0.909106698
406,2025,1.818213396
407,2025,0.909106698
408,2025,0.909106698
409,2025,8.181960282
410,2025,3.636426792
411,2025,1.818213396
412,2025,1.518208186
413,2025,1.518208186
414,2025,1.518208186
415,2025,8.79106177
416,2025,7.272853584
417,2025,7.272853584
418,2025,8.79106177
419,2025,1.818213396
420,2025,8.79106177
421,2025,3.936432002
422,2025,3.936432002
423,2025,5.454640188
424,2025,31.20963294
425,2025,4.8455387
426,2025,6.663752096
427,2025,6.663752096
428,2025,5.454640188
429,2025,1.818213396
430,2025,5.754645398
431,2025,1.818213396
432,2025,5.454640188
433,2025,3.636426792
434,2025,1.818213396
435,2025,4.8455387
436,2025,1.818213396
437,2025,1.818213396
438,2025,1.818213396
439,2025,4.8455387
440,2025,4.8455387
441,2025,4.8455387
442,2025,2.118218606
443,2025,0
444,2025,0
445,2025,7.272853584
446,2025,7.272853584
447,2025,1.818213396
448,2025,22.11856596
449,2025,0.909106698
450,2025,3.636426792
451,2025,3.636426792
452,2025,46.97354308
453,2025,22.11856596
454,2025,1.818213396
455,2025,7.272853584
456,2025,1.818213396
457,2025,1.818213396
458,2025,3.936432002
459,2025,3.936432002
1,2030,44.22772037
2,2030,7.834528783
3,2030,5.600890353
4,2030,3.921462961
5,2030,5.038282177
6,2030,4.19856848
7,2030,12.31859992
8,2030,12.31859992
9,2030,17.63398762
10,2030,12.31859992
11,2030,12.87281096
12,2030,12.87281096
13,2030,11.47888623
14,2030,12.87281096
15,2030,11.47888622
16,2030,5.600890352
17,2030,44.22772037
18,2030,44.22772041
19,2030,44.22772038
20,2030,12.59570544
21,2030,44.22772037
22,2030,15.11484653
23,2030,11.47888622
24,2030,11.47888623
25,2030,15.6774547
26,2030,15.67745471
27,2030,16.5171684
28,2030,17.3568821
29,2030,38.90393554
30,2030,24.6288027
31,2030,15.11484653
32,2030,15.11484653
33,2030,12.59570544
34,2030,44.22772036
35,2030,34.99086971
36,2030,34.99086971
37,2030,12.03309726
38,2030,8.959745137
39,2030,12.03309727
40,2030,26.03112458
41,2030,24.6288027
42,2030,26.03112458
43,2030,24.62880271
44,2030,5.600890353
45,2030,24.6288027
46,2030,9.236850656
47,2030,13.71252466
48,2030,13.71252466
49,2030,7.557423265
50,2030,9.513956177
51,2030,12.03309726
52,2030,6.155101392
53,2030,12.03309727
54,2030,10.63917253
55,2030,8.120031439
56,2030,10.63917253
57,2030,8.120031442
58,2030,6.155101392
59,2030,6.155101391
60,2030,10.35366987
61,2030,10.63917253
62,2030,10.63917253
63,2030,11.19338357
64,2030,11.19338357
65,2030,12.87281096
66,2030,10.35366987
67,2030,10.35366987
68,2030,13.71252466
69,2030,13.71252466
70,2030,12.31859992
71,2030,12.31859992
72,2030,16.79427392
73,2030,6.440604049
74,2030,37.5100108
75,2030,24.07459166
76,2030,19.31341501
77,2030,24.07459166
78,2030,24.07459166
79,2030,24.07459167
80,2030,32.74883415
81,2030,32.74883414
82,2030,99.08621609
83,2030,99.08621613
84,2030,99.08621607
85,2030,44.22772037
86,2030,31.90912045
87,2030,3.92146296
88,2030,13.71252465
89,2030,10.07656435
90,2030,13.71252466
91,2030,10.07656435
92,2030,3.92146296
93,2030,6.440604052
94,2030,6.440604048
95,2030,6.440604049
96,2030,10.63917253
97,2030,10.63917253
98,2030,10.63917253
99,2030,10.63917253
100,2030,8.120031441
101,2030,8.120031441
102,2030,7.834528783
103,2030,8.120031442
104,2030,3.635960304
105,2030,0.562608176
106,2030,4.198568479
107,2030,43.38800668
108,2030,12.03309727
109,2030,1.679427392
110,2030,10.63917253
111,2030,10.63917253
112,2030,9.236850656
113,2030,22.94937531
114,2030,38.90393554
115,2030,11.47888623
116,2030,15.11484653
117,2030,7.834528783
118,2030,38.90393554
119,2030,14.83774101
120,2030,9.513956177
121,2030,17.63398762
122,2030,14.83774101
123,2030,9.513956175
124,2030,20.71573689
125,2030,12.31859992
126,2030,12.31859992
127,2030,3.921462962
128,2030,0
129,2030,0
130,2030,9.513956176
131,2030,7.280317744
132,2030,1.402321872
133,2030,9.513956175
134,2030,8.674242483
135,2030,6.155101392
136,2030,7.834528784
137,2030,7.834528783
138,2030,7.557423264
139,2030,11.47888622
140,2030,8.674242485
141,2030,8.674242482
142,2030,8.674242483
143,2030,6.155101391
144,2030,8.674242478
145,2030,14.83774101
146,2030,14.83774101
147,2030,14.83774101
148,2030,14.83774101
149,2030,0
150,2030,10.91627805
151,2030,14.55223835
152,2030,9.513956175
153,2030,0
154,2030,10.91627805
155,2030,10.91627805
156,2030,10.63917253
157,2030,1.679427392
158,2030,6.717709569
159,2030,8.120031439
160,2030,0.839713696
161,2030,6.717709569
162,2030,1.116819216
163,2030,9.799458835
164,2030,5.600890355
165,2030,5.600890353
166,2030,5.600890353
167,2030,9.79945883
168,2030,5.600890354
169,2030,2.242035568
170,2030,44.22772037
171,2030,10.35366987
172,2030,9.513956174
173,2030,9.513956179
174,2030,11.47888623
175,2030,1.402321873
176,2030,2.796246608
177,2030,11.47888623
178,2030,1.402321872
179,2030,1.402321873
180,2030,0.839713696
181,2030,1.116819216
182,2030,1.116819216
183,2030,5.600890354
184,2030,1.679427393
185,2030,0.839713696
186,2030,3.081749264
187,2030,5.315387695
188,2030,5.315387696
189,2030,3.081749263
190,2030,25.46851639
191,2030,5.038282174
192,2030,2.242035568
193,2030,2.242035568
194,2030,7.557423265
195,2030,3.081749264
196,2030,7.280317747
197,2030,4.761176657
198,2030,1.679427392
199,2030,7.280317747
200,2030,4.761176658
201,2030,4.761176659
202,2030,3.92146296
203,2030,2.796246608
204,2030,1.679427392
205,2030,3.921462961
206,2030,50.65992728
207,2030,0
208,2030,0
209,2030,2.796246608
210,2030,0
211,2030,7.280317747
212,2030,0
213,2030,8.67424248
214,2030,8.674242481
215,2030,0
216,2030,15.11484653
217,2030,15.11484653
218,2030,15.11484653
219,2030,6.440604049
220,2030,6.440604047
221,2030,6.440604049
222,2030,6.44060405
223,2030,0
224,2030,0
225,2030,0
226,2030,0
227,2030,0
228,2030,0
229,2030,0
230,2030,0
231,2030,0
232,2030,0
233,2030,3.921462961
234,2030,4.475674001
235,2030,4.475674
236,2030,5.315387699
237,2030,5.315387696
238,2030,4.475674002
239,2030,0
240,2030,0
241,2030,0
242,2030,0
243,2030,0
244,2030,0
245,2030,0
246,2030,0
247,2030,5.315387696
248,2030,0
249,2030,0
250,2030,6.44060405
251,2030,0
252,2030,8.12003144
253,2030,8.120031443
254,2030,8.120031443
255,2030,1.679427393
256,2030,2.796246608
257,2030,2.519141087
258,2030,6.717709567
259,2030,6.717709572
260,2030,6.717709571
261,2030,5.877995872
262,2030,5.877995871
263,2030,3.358854784
264,2030,3.358854784
265,2030,11.47888623
266,2030,6.717709569
267,2030,3.081749264
268,2030,2.519141088
269,2030,20.43023422
270,2030,2.519141088
271,2030,20.43023422
272,2030,7.834528785
273,2030,14.83774101
274,2030,14.83774101
275,2030,8.120031441
276,2030,8.120031438
277,2030,3.921462961
278,2030,0.562608176
279,2030,8.12003144
280,2030,8.120031439
281,2030,3.921462961
282,2030,4.198568479
283,2030,5.038282176
284,2030,0.562608176
285,2030,5.038282176
286,2030,5.315387696
287,2030,3.358854785
288,2030,5.87799587
289,2030,5.87799587
290,2030,10.91627804
291,2030,10.91627805
292,2030,1.679427392
293,2030,5.315387696
294,2030,5.877995872
295,2030,6.440604049
296,2030,5.315387697
297,2030,5.315387696
298,2030,4.761176656
299,2030,10.91627805
300,2030,1.679427392
301,2030,1.679427392
302,2030,3.081749263
303,2030,3.081749266
304,2030,0.839713696
305,2030,0
306,2030,3.081749264
307,2030,3.081749265
308,2030,4.19856848
309,2030,3.358854784
310,2030,3.358854785
311,2030,0
312,2030,3.358854784
313,2030,0
314,2030,2.519141088
315,2030,11.47888623
316,2030,6.440604048
317,2030,6.440604048
318,2030,11.47888622
319,2030,0.839713696
320,2030,5.315387694
321,2030,6.440604049
322,2030,6.44060405
323,2030,11.19338357
324,2030,11.19338358
325,2030,0
326,2030,5.315387694
327,2030,6.440604049
328,2030,1.679427392
329,2030,1.679427392
330,2030,1.679427392
331,2030,6.440604051
332,2030,6.440604048
333,2030,9.799458833
334,2030,20.15312871
335,2030,3.358854784
336,2030,8.674242482
337,2030,9.799458833
338,2030,6.440604049
339,2030,9.513956176
340,2030,6.440604048
341,2030,8.67424248
342,2030,8.674242483
343,2030,1.116819215
344,2030,3.358854784
345,2030,3.358854784
346,2030,3.358854784
347,2030,0
348,2030,9.799458833
349,2030,3.635960304
350,2030,9.799458836
351,2030,9.799458834
352,2030,0
353,2030,0
354,2030,0.562608177
355,2030,0
356,2030,0
357,2030,0
358,2030,0
359,2030,0
360,2030,0
361,2030,0
362,2030,0
363,2030,0
364,2030,0
365,2030,1.679427392
366,2030,1.679427392
367,2030,2.796246608
368,2030,2.242035569
369,2030,0
370,2030,0
371,2030,0
372,2030,3.635960304
373,2030,0
374,2030,1.679427392
375,2030,0
376,2030,0
377,2030,0
378,2030,0
379,2030,0
380,2030,0
381,2030,4.475674
382,2030,0
383,2030,1.679427392
384,2030,1.679427392
385,2030,0
386,2030,3.358854784
387,2030,3.358854784
388,2030,3.358854784
389,2030,3.358854784
390,2030,1.679427392
391,2030,1.679427392
392,2030,1.679427392
393,2030,1.679427392
394,2030,1.679427392
395,2030,1.402321873
396,2030,1.402321873
397,2030,1.679427392
398,2030,3.358854784
399,2030,3.358854784
400,2030,0.839713696
401,2030,0.839713696
402,2030,1.679427392
403,2030,0.839713696
404,2030,0.839713696
405,2030,0.839713696
406,2030,1.679427392
407,2030,0.839713696
408,2030,0.839713696
409,2030,7.557423265
410,2030,3.358854784
411,2030,1.679427392
412,2030,1.402321873
413,2030,1.402321873
414,2030,1.402321873
415,2030,8.120031441
416,2030,6.717709569
417,2030,6.717709569
418,2030,8.120031441
419,2030,1.679427392
420,2030,8.120031441
421,2030,3.635960304
422,2030,3.635960304
423,2030,5.038282177
424,2030,28.82737118
425,2030,4.475674
426,2030,6.155101393
427,2030,6.155101393
428,2030,5.038282177
429,2030,1.679427392
430,2030,5.315387696
431,2030,1.679427392
432,2030,5.038282177
433,2030,3.358854784
434,2030,1.679427392
435,2030,4.475674
436,2030,1.679427392
437,2030,1.679427392
438,2030,1.679427392
439,2030,4.475674
440,2030,4.475674
441,2030,4.475674
442,2030,1.956532912
443,2030,0
444,2030,0
445,2030,6.717709569
446,2030,6.717709569
447,2030,1.679427392
448,2030,20.43023423
449,2030,0.839713696
450,2030,3.358854784
451,2030,3.358854784
452,2030,43.38800668
453,2030,20.43023423
454,2030,1.679427392
455,2030,6.717709569
456,2030,1.679427392
457,2030,1.679427392
458,2030,3.635960304
459,2030,3.635960304
1,2035,41.09118974
2,2035,7.278921591
3,2035,5.203687783
4,2035,3.643361611
5,2035,4.680978516
6,2035,3.90081543
7,2035,11.44499247
8,2035,11.44499247
9,2035,16.38342481
10,2035,11.44499247
11,2035,11.95990011
12,2035,11.95990011
13,2035,10.66482939
14,2035,11.95990011
15,2035,10.66482939
16,2035,5.203687782
17,2035,41.09118973
18,2035,41.09118975
19,2035,41.09118974
20,2035,11.70244629
21,2035,41.09118974
22,2035,14.04293555
23,2035,10.66482938
24,2035,10.66482939
25,2035,14.56564481
26,2035,14.56564481
27,2035,15.3458079
28,2035,16.12597098
29,2035,36.14495577
30,2035,22.88218331
31,2035,14.04293555
32,2035,14.04293555
33,2035,11.70244629
34,2035,41.09118973
35,2035,32.50939579
36,2035,32.5093958
37,2035,11.17973702
38,2035,8.324340126
39,2035,11.17973702
40,2035,24.18505566
41,2035,22.88218331
42,2035,24.18505566
43,2035,22.88218331
44,2035,5.203687783
45,2035,22.88218331
46,2035,8.581793944
47,2035,12.74006319
48,2035,12.74006319
49,2035,7.021467773
50,2035,8.839247764
51,2035,11.17973702
52,2035,5.71859542
53,2035,11.17973702
54,2035,9.884666299
55,2035,7.54417704
56,2035,9.8846663
57,2035,7.544177041
58,2035,5.71859542
59,2035,5.718595419
60,2035,9.619410848
61,2035,9.884666299
62,2035,9.884666298
63,2035,10.39957394
64,2035,10.39957394
65,2035,11.95990011
66,2035,9.619410848
67,2035,9.619410849
68,2035,12.7400632
69,2035,12.74006319
70,2035,11.44499247
71,2035,11.44499247
72,2035,15.60326172
73,2035,5.983850869
74,2035,34.84988505
75,2035,22.36727567
76,2035,17.94375097
77,2035,22.36727567
78,2035,22.36727567
79,2035,22.36727567
80,2035,30.42636036
81,2035,30.42636034
82,2035,92.05924413
83,2035,92.05924414
84,2035,92.05924411
85,2035,41.09118974
86,2035,29.64619727
87,2035,3.643361611
88,2035,12.74006319
89,2035,9.361957031
90,2035,12.74006319
91,2035,9.36195703
92,2035,3.643361611
93,2035,5.983850872
94,2035,5.983850868
95,2035,5.983850869
96,2035,9.884666298
97,2035,9.884666299
98,2035,9.884666297
99,2035,9.8846663
100,2035,7.544177041
101,2035,7.544177041
102,2035,7.278921589
103,2035,7.544177042
104,2035,3.378106162
105,2035,0.522709268
106,2035,3.90081543
107,2035,40.31102665
108,2035,11.17973702
109,2035,1.560326172
110,2035,9.884666298
111,2035,9.884666299
112,2035,8.581793945
113,2035,21.32185714
114,2035,36.14495577
115,2035,10.66482938
116,2035,14.04293555
117,2035,7.278921591
118,2035,36.14495577
119,2035,13.78548173
120,2035,8.839247764
121,2035,16.3834248
122,2035,13.78548173
123,2035,8.839247763
124,2035,19.24662333
125,2035,11.44499247
126,2035,11.44499247
127,2035,3.643361611
128,2035,0
129,2035,0
130,2035,8.839247764
131,2035,6.764013954
132,2035,1.302872354
133,2035,8.839247763
134,2035,8.059084677
135,2035,5.718595419
136,2035,7.278921591
137,2035,7.27892159
138,2035,7.021467771
139,2035,10.66482938
140,2035,8.05908468
141,2035,8.059084678
142,2035,8.059084677
143,2035,5.718595419
144,2035,8.059084674
145,2035,13.78548173
146,2035,13.78548173
147,2035,13.78548173
148,2035,13.78548173
149,2035,0
150,2035,10.14212012
151,2035,13.52022628
152,2035,8.839247764
153,2035,0
154,2035,10.14212012
155,2035,10.14212012
156,2035,9.884666299
157,2035,1.560326172
158,2035,6.241304688
159,2035,7.544177041
160,2035,0.780163086
161,2035,6.241304687
162,2035,1.037616904
163,2035,9.104503212
164,2035,5.203687785
165,2035,5.203687783
166,2035,5.203687784
167,2035,9.10450321
168,2035,5.203687785
169,2035,2.08303544
170,2035,41.09118973
171,2035,9.61941085
172,2035,8.839247763
173,2035,8.839247764
174,2035,10.66482939
175,2035,1.302872354
176,2035,2.597943076
177,2035,10.66482938
178,2035,1.302872354
179,2035,1.302872354
180,2035,0.780163086
181,2035,1.037616904
182,2035,1.037616904
183,2035,5.203687785
184,2035,1.560326172
185,2035,0.780163086
186,2035,2.863198525
187,2035,4.938432334
188,2035,4.938432335
189,2035,2.863198523
190,2035,23.6623464
191,2035,4.680978514
192,2035,2.08303544
193,2035,2.083035439
194,2035,7.021467775
195,2035,2.863198525
196,2035,6.764013957
197,2035,4.423524698
198,2035,1.560326172
199,2035,6.764013956
200,2035,4.423524698
201,2035,4.423524698
202,2035,3.643361608
203,2035,2.597943077
204,2035,1.560326172
205,2035,3.643361611
206,2035,47.06723897
207,2035,0
208,2035,0
209,2035,2.597943077
210,2035,0
211,2035,6.764013954
212,2035,0
213,2035,8.059084678
214,2035,8.05908468
215,2035,0
216,2035,14.04293555
217,2035,14.04293556
218,2035,14.04293555
219,2035,5.983850869
220,2035,5.983850867
221,2035,5.983850868
222,2035,5.98385087
223,2035,0
224,2035,0
225,2035,0
226,2035,0
227,2035,0
228,2035,0
229,2035,0
230,2035,0
231,2035,0
232,2035,0
233,2035,3.643361611
234,2035,4.158269249
235,2035,4.158269248
236,2035,4.938432334
237,2035,4.938432334
238,2035,4.15826925
239,2035,0
240,2035,0
241,2035,0
242,2035,0
243,2035,0
244,2035,0
245,2035,0
246,2035,0
247,2035,4.938432331
248,2035,0
249,2035,0
250,2035,5.98385087
251,2035,0
252,2035,7.544177039
253,2035,7.544177042
254,2035,7.544177042
255,2035,1.560326172
256,2035,2.597943076
257,2035,2.340489257
258,2035,6.241304688
259,2035,6.24130469
260,2035,6.241304687
261,2035,5.461141601
262,2035,5.461141602
263,2035,3.120652344
264,2035,3.120652344
265,2035,10.66482939
266,2035,6.241304688
267,2035,2.863198525
268,2035,2.340489258
269,2035,18.98136789
270,2035,2.340489258
271,2035,18.98136788
272,2035,7.278921592
273,2035,13.78548173
274,2035,13.78548173
275,2035,7.544177041
276,2035,7.544177041
277,2035,3.643361611
278,2035,0.522709267
279,2035,7.544177042
280,2035,7.544177044
281,2035,3.643361613
282,2035,3.900815429
283,2035,4.680978515
284,2035,0.522709268
285,2035,4.680978516
286,2035,4.938432334
287,2035,3.120652343
288,2035,5.461141601
289,2035,5.4611416
290,2035,10.14212012
291,2035,10.14212012
292,2035,1.560326172
293,2035,4.938432334
294,2035,5.461141603
295,2035,5.983850868
296,2035,4.938432334
297,2035,4.938432332
298,2035,4.423524696
299,2035,10.14212011
300,2035,1.560326172
301,2035,1.560326171
302,2035,2.863198525
303,2035,2.863198525
304,2035,0.780163086
305,2035,0
306,2035,2.863198526
307,2035,2.863198526
308,2035,3.900815428
309,2035,3.120652343
310,2035,3.120652344
311,2035,0
312,2035,3.120652343
313,2035,0
314,2035,2.340489258
315,2035,10.66482938
316,2035,5.983850867
317,2035,5.983850867
318,2035,10.66482938
319,2035,0.780163086
320,2035,4.938432332
321,2035,5.983850871
322,2035,5.983850869
323,2035,10.39957394
324,2035,10.39957394
325,2035,0
326,2035,4.938432333
327,2035,5.983850869
328,2035,1.560326172
329,2035,1.560326172
330,2035,1.560326171
331,2035,5.983850869
332,2035,5.983850869
333,2035,9.104503214
334,2035,18.72391406
335,2035,3.120652344
336,2035,8.059084679
337,2035,9.104503214
338,2035,5.983850869
339,2035,8.839247763
340,2035,5.98385087
341,2035,8.059084678
342,2035,8.059084678
343,2035,1.037616905
344,2035,3.120652344
345,2035,3.120652343
346,2035,3.120652344
347,2035,0
348,2035,9.104503207
349,2035,3.378106161
350,2035,9.104503215
351,2035,9.104503214
352,2035,0
353,2035,0
354,2035,0.522709267
355,2035,0
356,2035,0
357,2035,0
358,2035,0
359,2035,0
360,2035,0
361,2035,0
362,2035,0
363,2035,0
364,2035,0
365,2035,1.560326172
366,2035,1.560326172
367,2035,2.597943076
368,2035,2.083035439
369,2035,0
370,2035,0
371,2035,0
372,2035,3.378106162
373,2035,0
374,2035,1.560326172
375,2035,0
376,2035,0
377,2035,0
378,2035,0
379,2035,0
380,2035,0
381,2035,4.158269248
382,2035,0
383,2035,1.560326172
384,2035,1.560326172
385,2035,0
386,2035,3.120652343
387,2035,3.120652343
388,2035,3.120652343
389,2035,3.120652343
390,2035,1.560326172
391,2035,1.560326172
392,2035,1.560326172
393,2035,1.560326172
394,2035,1.560326172
395,2035,1.302872353
396,2035,1.302872353
397,2035,1.560326172
398,2035,3.120652343
399,2035,3.120652343
400,2035,0.780163086
401,2035,0.780163086
402,2035,1.560326172
403,2035,0.780163086
404,2035,0.780163086
405,2035,0.780163086
406,2035,1.560326172
407,2035,0.780163086
408,2035,0.780163086
409,2035,7.021467773
410,2035,3.120652343
411,2035,1.560326172
412,2035,1.302872353
413,2035,1.302872353
414,2035,1.302872353
415,2035,7.54417704
416,2035,6.241304687
417,2035,6.241304687
418,2035,7.54417704
419,2035,1.560326172
420,2035,7.54417704
421,2035,3.378106162
422,2035,3.378106162
423,2035,4.680978515
424,2035,26.78299874
425,2035,4.158269248
426,2035,5.718595419
427,2035,5.718595419
428,2035,4.680978515
429,2035,1.560326172
430,2035,4.938432333
431,2035,1.560326172
432,2035,4.680978515
433,2035,3.120652343
434,2035,1.560326172
435,2035,4.158269248
436,2035,1.560326172
437,2035,1.560326172
438,2035,1.560326172
439,2035,4.158269248
440,2035,4.158269248
441,2035,4.158269248
442,2035,1.81777999
443,2035,0
444,2035,0
445,2035,6.241304687
446,2035,6.241304687
447,2035,1.560326172
448,2035,18.98136788
449,2035,0.780163086
450,2035,3.120652343
451,2035,3.120652343
452,2035,40.31102665
453,2035,18.98136788
454,2035,1.560326172
455,2035,6.241304687
456,2035,1.560326172
457,2035,1.560326172
458,2035,3.378106162
459,2035,3.378106162
1,2040,38.37007048
2,2040,6.796900656
3,2040,4.859091894
4,2040,3.402092826
5,2040,4.370997207
6,2040,3.642497672
7,2040,10.68708817
8,2040,10.68708817
9,2040,15.29849022
10,2040,10.68708817
11,2040,11.16789786
12,2040,11.16789786
13,2040,9.958588637
14,2040,11.16789786
15,2040,9.958588635
16,2040,4.859091895
17,2040,38.37007048
18,2040,38.3700705
19,2040,38.37007049
20,2040,10.92749302
21,2040,38.37007048
22,2040,13.11299162
23,2040,9.958588634
24,2040,9.958588637
25,2040,13.60108631
26,2040,13.60108631
27,2040,14.32958584
28,2040,15.05808538
29,2040,33.75138342
30,2040,21.36689134
31,2040,13.11299162
32,2040,13.11299162
33,2040,10.92749302
34,2040,38.37007048
35,2040,30.3565756
36,2040,30.3565756
37,2040,10.43939833
38,2040,7.773090032
39,2040,10.43939833
40,2040,22.58348557
41,2040,21.36689134
42,2040,22.58348557
43,2040,21.36689135
44,2040,4.859091894
45,2040,21.36689134
46,2040,8.013494878
47,2040,11.8963974
48,2040,11.8963974
49,2040,6.55649581
50,2040,8.253899725
51,2040,10.43939833
52,2040,5.339901587
53,2040,10.43939833
54,2040,9.230089102
55,2040,7.044590498
56,2040,9.230089101
57,2040,7.044590498
58,2040,5.339901587
59,2040,5.339901587
60,2040,8.982399259
61,2040,9.230089102
62,2040,9.230089102
63,2040,9.710898795
64,2040,9.710898793
65,2040,11.16789786
66,2040,8.982399259
67,2040,8.982399258
68,2040,11.8963974
69,2040,11.8963974
70,2040,10.68708817
71,2040,10.68708817
72,2040,14.56999069
73,2040,5.587591429
74,2040,32.5420742
75,2040,20.88608165
76,2040,16.75548929
77,2040,20.88608165
78,2040,20.88608165
79,2040,20.88608165
80,2040,28.41148184
81,2040,28.41148183
82,2040,85.96294509
83,2040,85.96294506
84,2040,85.96294506
85,2040,38.37007049
86,2040,27.68298231
87,2040,3.402092826
88,2040,11.8963974
89,2040,8.741994414
90,2040,11.8963974
91,2040,8.741994413
92,2040,3.402092825
93,2040,5.58759143
94,2040,5.587591428
95,2040,5.58759143
96,2040,9.230089101
97,2040,9.230089102
98,2040,9.230089098
99,2040,9.230089102
100,2040,7.044590498
101,2040,7.044590499
102,2040,6.796900656
103,2040,7.0445905
104,2040,3.154402984
105,2040,0.488094688
106,2040,3.642497672
107,2040,37.64157095
108,2040,10.43939832
109,2040,1.45699907
110,2040,9.2300891
111,2040,9.230089103
112,2040,8.013494879
113,2040,19.90989228
114,2040,33.75138343
115,2040,9.958588637
116,2040,13.11299162
117,2040,6.796900655
118,2040,33.75138343
119,2040,12.87258677
120,2040,8.253899726
121,2040,15.29849022
122,2040,12.87258677
123,2040,8.253899724
124,2040,17.97208352
125,2040,10.68708817
126,2040,10.68708817
127,2040,3.402092826
128,2040,0
129,2040,0
130,2040,8.253899725
131,2040,6.316090963
132,2040,1.216594222
133,2040,8.253899724
134,2040,7.525400192
135,2040,5.339901588
136,2040,6.796900656
137,2040,6.796900657
138,2040,6.556495809
139,2040,9.958588634
140,2040,7.525400192
141,2040,7.525400193
142,2040,7.525400192
143,2040,5.339901586
144,2040,7.52540019
145,2040,12.87258677
146,2040,12.87258677
147,2040,12.87258677
148,2040,12.87258677
149,2040,0
150,2040,9.470493945
151,2040,12.62489693
152,2040,8.253899727
153,2040,0
154,2040,9.470493949
155,2040,9.470493947
156,2040,9.230089104
157,2040,1.456999069
158,2040,5.827996276
159,2040,7.044590497
160,2040,0.728499535
161,2040,5.827996275
162,2040,0.968904381
163,2040,8.501589569
164,2040,4.859091896
165,2040,4.859091895
166,2040,4.859091895
167,2040,8.501589565
168,2040,4.859091895
169,2040,1.945093758
170,2040,38.37007048
171,2040,8.98239926
172,2040,8.253899722
173,2040,8.253899729
174,2040,9.958588638
175,2040,1.216594223
176,2040,2.42590345
177,2040,9.958588636
178,2040,1.216594222
179,2040,1.216594223
180,2040,0.728499534
181,2040,0.968904381
182,2040,0.968904381
183,2040,4.859091897
184,2040,1.456999069
185,2040,0.728499534
186,2040,2.673593291
187,2040,4.611402053
188,2040,4.611402055
189,2040,2.673593291
190,2040,22.09539088
191,2040,4.370997206
192,2040,1.945093757
193,2040,1.945093757
194,2040,6.556495811
195,2040,2.673593291
196,2040,6.316090966
197,2040,4.130592361
198,2040,1.456999069
199,2040,6.316090965
200,2040,4.130592361
201,2040,4.130592363
202,2040,3.402092823
203,2040,2.425903451
204,2040,1.456999069
205,2040,3.402092825
206,2040,43.95037691
207,2040,0
208,2040,0
209,2040,2.42590345
210,2040,0
211,2040,6.316090965
212,2040,0
213,2040,7.525400192
214,2040,7.525400193
215,2040,0
216,2040,13.11299162
217,2040,13.11299163
218,2040,13.11299162
219,2040,5.587591429
220,2040,5.587591427
221,2040,5.58759143
222,2040,5.58759143
223,2040,0
224,2040,0
225,2040,0
226,2040,0
227,2040,0
228,2040,0
229,2040,0
230,2040,0
231,2040,0
232,2040,0
233,2040,3.402092825
234,2040,3.88290252
235,2040,3.882902519
236,2040,4.611402055
237,2040,4.611402053
238,2040,3.88290252
239,2040,0
240,2040,0
241,2040,0
242,2040,0
243,2040,0
244,2040,0
245,2040,0
246,2040,0
247,2040,4.611402053
248,2040,0
249,2040,0
250,2040,5.587591429
251,2040,0
252,2040,7.044590498
253,2040,7.0445905
254,2040,7.044590499
255,2040,1.45699907
256,2040,2.425903449
257,2040,2.185498603
258,2040,5.827996275
259,2040,5.827996276
260,2040,5.827996276
261,2040,5.099496741
262,2040,5.099496741
263,2040,2.913998138
264,2040,2.913998138
265,2040,9.958588637
266,2040,5.827996276
267,2040,2.673593291
268,2040,2.185498603
269,2040,17.72439368
270,2040,2.185498603
271,2040,17.72439367
272,2040,6.796900656
273,2040,12.87258677
274,2040,12.87258677
275,2040,7.044590498
276,2040,7.044590497
277,2040,3.402092826
278,2040,0.488094688
279,2040,7.044590499
280,2040,7.044590499
281,2040,3.402092826
282,2040,3.642497671
283,2040,4.370997207
284,2040,0.488094688
285,2040,4.370997207
286,2040,4.611402053
287,2040,2.913998137
288,2040,5.09949674
289,2040,5.09949674
290,2040,9.470493945
291,2040,9.470493949
292,2040,1.456999069
293,2040,4.611402053
294,2040,5.099496742
295,2040,5.587591428
296,2040,4.611402054
297,2040,4.611402054
298,2040,4.13059236
299,2040,9.470493947
300,2040,1.456999069
301,2040,1.456999069
302,2040,2.67359329
303,2040,2.673593292
304,2040,0.728499534
305,2040,0
306,2040,2.673593291
307,2040,2.673593292
308,2040,3.642497672
309,2040,2.913998139
310,2040,2.913998138
311,2040,0
312,2040,2.913998138
313,2040,0
314,2040,2.185498603
315,2040,9.958588634
316,2040,5.587591429
317,2040,5.587591429
318,2040,9.958588633
319,2040,0.728499534
320,2040,4.611402052
321,2040,5.587591427
322,2040,5.587591429
323,2040,9.710898794
324,2040,9.710898799
325,2040,0
326,2040,4.611402052
327,2040,5.58759143
328,2040,1.456999069
329,2040,1.456999069
330,2040,1.456999069
331,2040,5.587591429
332,2040,5.587591427
333,2040,8.501589567
334,2040,17.48398884
335,2040,2.913998138
336,2040,7.525400192
337,2040,8.501589569
338,2040,5.587591429
339,2040,8.253899725
340,2040,5.58759143
341,2040,7.525400191
342,2040,7.525400193
343,2040,0.96890438
344,2040,2.913998138
345,2040,2.913998138
346,2040,2.913998137
347,2040,0
348,2040,8.501589563
349,2040,3.154402984
350,2040,8.501589568
351,2040,8.501589566
352,2040,0
353,2040,0
354,2040,0.488094688
355,2040,0
356,2040,0
357,2040,0
358,2040,0
359,2040,0
360,2040,0
361,2040,0
362,2040,0
363,2040,0
364,2040,0
365,2040,1.456999069
366,2040,1.456999069
367,2040,2.42590345
368,2040,1.945093757
369,2040,0
370,2040,0
371,2040,0
372,2040,3.154402983
373,2040,0
374,2040,1.456999069
375,2040,0
376,2040,0
377,2040,0
378,2040,0
379,2040,0
380,2040,0
381,2040,3.882902518
382,2040,0
383,2040,1.456999069
384,2040,1.456999069
385,2040,0
386,2040,2.913998138
387,2040,2.913998138
388,2040,2.913998138
389,2040,2.913998138
390,2040,1.456999069
391,2040,1.456999069
392,2040,1.456999069
393,2040,1.456999069
394,2040,1.456999069
395,2040,1.216594223
396,2040,1.216594223
397,2040,1.456999069
398,2040,2.913998138
399,2040,2.913998138
400,2040,0.728499534
401,2040,0.728499534
402,2040,1.456999069
403,2040,0.728499534
404,2040,0.728499534
405,2040,0.728499534
406,2040,1.456999069
407,2040,0.728499534
408,2040,0.728499534
409,2040,6.55649581
410,2040,2.913998138
411,2040,1.456999069
412,2040,1.216594223
413,2040,1.216594223
414,2040,1.216594223
415,2040,7.044590498
416,2040,5.827996276
417,2040,5.827996276
418,2040,7.044590498
419,2040,1.456999069
420,2040,7.044590498
421,2040,3.154402984
422,2040,3.154402984
423,2040,4.370997207
424,2040,25.00938901
425,2040,3.882902519
426,2040,5.339901587
427,2040,5.339901587
428,2040,4.370997207
429,2040,1.456999069
430,2040,4.611402053
431,2040,1.456999069
432,2040,4.370997207
433,2040,2.913998138
434,2040,1.456999069
435,2040,3.882902519
436,2040,1.456999069
437,2040,1.456999069
438,2040,1.456999069
439,2040,3.882902519
440,2040,3.882902519
441,2040,3.882902519
442,2040,1.697403915
443,2040,0
444,2040,0
445,2040,5.827996276
446,2040,5.827996276
447,2040,1.456999069
448,2040,17.72439367
449,2040,0.728499534
450,2040,2.913998138
451,2040,2.913998138
452,2040,37.64157094
453,2040,17.72439367
454,2040,1.456999069
455,2040,5.827996276
456,2040,1.456999069
457,2040,1.456999069
458,2040,3.154402984
459,2040,3.154402984
1,2045,35.9869608
2,2045,6.37475497
3,2045,4.557300713
4,2045,3.190793752
5,2045,4.099520881
6,2045,3.4162674
7,2045,10.02332855
8,2045,10.02332855
9,2045,14.34832308
10,2045,10.02332855
11,2045,10.47427585
12,2045,10.47427585
13,2045,9.340075074
14,2045,10.47427585
15,2045,9.340075074
16,2045,4.557300713
17,2045,35.9869608
18,2045,35.98696082
19,2045,35.98696081
20,2045,10.2488022
21,2045,35.9869608
22,2045,12.29856264
23,2045,9.340075072
24,2045,9.340075075
25,2045,12.75634247
26,2045,12.75634248
27,2045,13.43959596
28,2045,14.12284944
29,2045,31.65513374
30,2045,20.03982457
31,2045,12.29856264
32,2045,12.29856264
33,2045,10.2488022
34,2045,35.98696079
35,2045,28.47117252
36,2045,28.47117252
37,2045,9.791022369
38,2045,7.290314633
39,2045,9.79102237
40,2045,21.18085788
41,2045,20.03982457
42,2045,21.18085789
43,2045,20.03982457
44,2045,4.557300713
45,2045,20.03982457
46,2045,7.51578828
47,2045,11.15752933
48,2045,11.15752933
49,2045,6.149281322
50,2045,7.74126193
51,2045,9.791022371
52,2045,5.00824801
53,2045,9.791022371
54,2045,8.656821594
55,2045,6.607061151
56,2045,8.656821594
57,2045,6.607061155
58,2045,5.00824801
59,2045,5.008248009
60,2045,8.424515409
61,2045,8.656821594
62,2045,8.656821593
63,2045,9.107768891
64,2045,9.107768889
65,2045,10.47427585
66,2045,8.42451541
67,2045,8.42451541
68,2045,11.15752933
69,2045,11.15752933
70,2045,10.02332855
71,2045,10.02332855
72,2045,13.66506961
73,2045,5.240554193
74,2045,30.52093296
75,2045,19.58887727
76,2045,15.71483004
77,2045,19.58887728
78,2045,19.58887728
79,2045,19.58887728
80,2045,26.64688573
81,2045,26.64688571
82,2045,80.62391064
83,2045,80.62391066
84,2045,80.62391063
85,2045,35.9869608
86,2045,25.96363225
87,2045,3.190793752
88,2045,11.15752933
89,2045,8.199041762
90,2045,11.15752933
91,2045,8.19904176
92,2045,3.190793752
93,2045,5.240554194
94,2045,5.240554193
95,2045,5.240554193
96,2045,8.656821593
97,2045,8.656821594
98,2045,8.656821593
99,2045,8.656821594
100,2045,6.607061153
101,2045,6.607061154
102,2045,6.374754968
103,2045,6.607061153
104,2045,2.958487569
105,2045,0.457779832
106,2045,3.4162674
107,2045,35.30370732
108,2045,9.791022368
109,2045,1.366506961
110,2045,8.656821594
111,2045,8.656821593
112,2045,7.515788282
113,2045,18.67331761
114,2045,31.65513374
115,2045,9.340075074
116,2045,12.29856264
117,2045,6.37475497
118,2045,31.65513374
119,2045,12.07308899
120,2045,7.741261931
121,2045,14.34832308
122,2045,12.073089
123,2045,7.74126193
124,2045,16.85586336
125,2045,10.02332855
126,2045,10.02332855
127,2045,3.190793753
128,2045,0
129,2045,0
130,2045,7.741261931
131,2045,5.923807673
132,2045,1.141033312
133,2045,7.741261929
134,2045,7.058008452
135,2045,5.008248009
136,2045,6.374754969
137,2045,6.37475497
138,2045,6.149281319
139,2045,9.340075073
140,2045,7.058008453
141,2045,7.058008451
142,2045,7.058008452
143,2045,5.008248009
144,2045,7.058008449
145,2045,12.07308899
146,2045,12.07308899
147,2045,12.07308899
148,2045,12.07308899
149,2045,0
150,2045,8.882295241
151,2045,11.84078281
152,2045,7.74126193
153,2045,0
154,2045,8.882295243
155,2045,8.882295243
156,2045,8.656821596
157,2045,1.36650696
158,2045,5.466027841
159,2045,6.607061152
160,2045,0.68325348
161,2045,5.466027841
162,2045,0.908727128
163,2045,7.973568113
164,2045,4.557300714
165,2045,4.557300715
166,2045,4.557300713
167,2045,7.973568112
168,2045,4.557300714
169,2045,1.824286793
170,2045,35.9869608
171,2045,8.42451541
172,2045,7.741261928
173,2045,7.741261933
174,2045,9.340075074
175,2045,1.141033312
176,2045,2.275234089
177,2045,9.34007507
178,2045,1.141033312
179,2045,1.141033312
180,2045,0.68325348
181,2045,0.908727129
182,2045,0.908727129
183,2045,4.557300715
184,2045,1.366506961
185,2045,0.68325348
186,2045,2.507540272
187,2045,4.32499453
188,2045,4.324994531
189,2045,2.507540271
190,2045,20.72307805
191,2045,4.099520881
192,2045,1.824286792
193,2045,1.824286792
194,2045,6.149281322
195,2045,2.507540272
196,2045,5.923807673
197,2045,3.874047233
198,2045,1.36650696
199,2045,5.923807673
200,2045,3.874047233
201,2045,3.874047234
202,2045,3.19079375
203,2045,2.275234088
204,2045,1.366506961
205,2045,3.190793752
206,2045,41.22068246
207,2045,0
208,2045,0
209,2045,2.275234089
210,2045,0
211,2045,5.923807672
212,2045,0
213,2045,7.058008451
214,2045,7.058008451
215,2045,0
216,2045,12.29856264
217,2045,12.29856265
218,2045,12.29856264
219,2045,5.240554192
220,2045,5.24055419
221,2045,5.240554193
222,2045,5.240554193
223,2045,0
224,2045,0
225,2045,0
226,2045,0
227,2045,0
228,2045,0
229,2045,0
230,2045,0
231,2045,0
232,2045,0
233,2045,3.190793753
234,2045,3.64174105
235,2045,3.641741049
236,2045,4.324994532
237,2045,4.324994529
238,2045,3.641741048
239,2045,0
240,2045,0
241,2045,0
242,2045,0
243,2045,0
244,2045,0
245,2045,0
246,2045,0
247,2045,4.324994527
248,2045,0
249,2045,0
250,2045,5.240554193
251,2045,0
252,2045,6.607061153
253,2045,6.607061154
254,2045,6.607061154
255,2045,1.366506961
256,2045,2.275234089
257,2045,2.04976044
258,2045,5.46602784
259,2045,5.466027844
260,2045,5.466027842
261,2045,4.782774361
262,2045,4.78277436
263,2045,2.733013921
264,2045,2.73301392
265,2045,9.340075074
266,2045,5.466027842
267,2045,2.507540272
268,2045,2.04976044
269,2045,16.62355717
270,2045,2.04976044
271,2045,16.62355717
272,2045,6.374754971
273,2045,12.07308899
274,2045,12.07308899
275,2045,6.607061156
276,2045,6.607061154
277,2045,3.190793752
278,2045,0.457779832
279,2045,6.607061153
280,2045,6.607061153
281,2045,3.190793754
282,2045,3.4162674
283,2045,4.099520881
284,2045,0.457779832
285,2045,4.099520883
286,2045,4.324994529
287,2045,2.73301392
288,2045,4.782774361
289,2045,4.782774361
290,2045,8.882295241
291,2045,8.882295243
292,2045,1.366506961
293,2045,4.32499453
294,2045,4.782774362
295,2045,5.240554195
296,2045,4.32499453
297,2045,4.324994529
298,2045,3.874047232
299,2045,8.882295239
300,2045,1.36650696
301,2045,1.36650696
302,2045,2.507540271
303,2045,2.507540273
304,2045,0.68325348
305,2045,0
306,2045,2.507540272
307,2045,2.507540272
308,2045,3.416267401
309,2045,2.733013921
310,2045,2.733013921
311,2045,0
312,2045,2.733013921
313,2045,0
314,2045,2.04976044
315,2045,9.340075071
316,2045,5.240554191
317,2045,5.240554191
318,2045,9.340075073
319,2045,0.68325348
320,2045,4.324994529
321,2045,5.240554193
322,2045,5.240554193
323,2045,9.10776889
324,2045,9.107768892
325,2045,0
326,2045,4.324994529
327,2045,5.240554193
328,2045,1.36650696
329,2045,1.36650696
330,2045,1.36650696
331,2045,5.240554194
332,2045,5.24055419
333,2045,7.973568114
334,2045,16.39808353
335,2045,2.733013921
336,2045,7.058008452
337,2045,7.973568112
338,2045,5.240554193
339,2045,7.74126193
340,2045,5.240554194
341,2045,7.05800845
342,2045,7.058008451
343,2045,0.908727129
344,2045,2.733013921
345,2045,2.73301392
346,2045,2.733013921
347,2045,0
348,2045,7.97356811
349,2045,2.958487568
350,2045,7.973568114
351,2045,7.973568113
352,2045,0
353,2045,0
354,2045,0.457779831
355,2045,0
356,2045,0
357,2045,0
358,2045,0
359,2045,0
360,2045,0
361,2045,0
362,2045,0
363,2045,0
364,2045,0
365,2045,1.36650696
366,2045,1.36650696
367,2045,2.275234089
368,2045,1.824286792
369,2045,0
370,2045,0
371,2045,0
372,2045,2.95848757
373,2045,0
374,2045,1.366506961
375,2045,0
376,2045,0
377,2045,0
378,2045,0
379,2045,0
380,2045,0
381,2045,3.64174105
382,2045,0
383,2045,1.36650696
384,2045,1.36650696
385,2045,0
386,2045,2.733013921
387,2045,2.733013921
388,2045,2.733013921
389,2045,2.733013921
390,2045,1.36650696
391,2045,1.36650696
392,2045,1.36650696
393,2045,1.36650696
394,2045,1.36650696
395,2045,1.141033312
396,2045,1.141033312
397,2045,1.36650696
398,2045,2.733013921
399,2045,2.733013921
400,2045,0.68325348
401,2045,0.68325348
402,2045,1.36650696
403,2045,0.68325348
404,2045,0.68325348
405,2045,0.68325348
406,2045,1.36650696
407,2045,0.68325348
408,2045,0.68325348
409,2045,6.149281322
410,2045,2.733013921
411,2045,1.36650696
412,2045,1.141033312
413,2045,1.141033312
414,2045,1.141033312
415,2045,6.607061154
416,2045,5.466027842
417,2045,5.466027842
418,2045,6.607061154
419,2045,1.36650696
420,2045,6.607061154
421,2045,2.958487569
422,2045,2.958487569
423,2045,4.099520881
424,2045,23.45609197
425,2045,3.641741049
426,2045,5.00824801
427,2045,5.00824801
428,2045,4.099520881
429,2045,1.36650696
430,2045,4.32499453
431,2045,1.36650696
432,2045,4.099520881
433,2045,2.733013921
434,2045,1.36650696
435,2045,3.641741049
436,2045,1.36650696
437,2045,1.36650696
438,2045,1.36650696
439,2045,3.641741049
440,2045,3.641741049
441,2045,3.641741049
442,2045,1.591980609
443,2045,0
444,2045,0
445,2045,5.466027842
446,2045,5.466027842
447,2045,1.36650696
448,2045,16.62355717
449,2045,0.68325348
450,2045,2.733013921
451,2045,2.733013921
452,2045,35.30370732
453,2045,16.62355717
454,2045,1.36650696
455,2045,5.466027842
456,2045,1.36650696
457,2045,1.36650696
458,2045,2.958487569
459,2045,2.958487569
1,2050,33.7025383
2,2050,5.970090797
3,2050,4.268007033
4,2050,2.988244804
5,2050,3.839286686
6,2050,3.199405572
7,2050,9.387055946
8,2050,9.387055948
9,2050,13.4375034
10,2050,9.387055947
11,2050,9.809377484
12,2050,9.809377484
13,2050,8.747174834
14,2050,9.809377484
15,2050,8.747174833
16,2050,4.268007032
17,2050,33.70253829
18,2050,33.70253831
19,2050,33.7025383
20,2050,9.598216714
21,2050,33.70253829
22,2050,11.51786006
23,2050,8.747174833
24,2050,8.747174835
25,2050,11.9465804
26,2050,11.94658041
27,2050,12.58646152
28,2050,13.22634263
29,2050,29.64569204
30,2050,18.76771308
31,2050,11.51786006
32,2050,11.51786006
33,2050,9.598216716
34,2050,33.70253829
35,2050,26.66384604
36,2050,26.66384603
37,2050,9.169496368
38,2050,6.82753149
39,2050,9.169496369
40,2050,19.83631454
41,2050,18.76771308
42,2050,19.83631455
43,2050,18.76771308
44,2050,4.268007033
45,2050,18.76771308
46,2050,7.038692258
47,2050,10.4492586
48,2050,10.44925859
49,2050,5.75893003
50,2050,7.249853025
51,2050,9.169496369
52,2050,4.690328568
53,2050,9.16949637
54,2050,8.10729372
55,2050,6.187650375
56,2050,8.107293719
57,2050,6.187650376
58,2050,4.690328568
59,2050,4.690328568
60,2050,7.889734139
61,2050,8.107293719
62,2050,8.107293719
63,2050,8.529615255
64,2050,8.529615255
65,2050,9.809377483
66,2050,7.889734139
67,2050,7.88973414
68,2050,10.4492586
69,2050,10.4492586
70,2050,9.387055949
71,2050,9.387055946
72,2050,12.79762228
73,2050,4.907888147
74,2050,28.58348938
75,2050,18.34539155
76,2050,14.71726563
77,2050,18.34539155
78,2050,18.34539155
79,2050,18.34539155
80,2050,24.95536346
81,2050,24.95536345
82,2050,75.50597149
83,2050,75.50597148
84,2050,75.50597147
85,2050,33.70253831
86,2050,24.31548235
87,2050,2.988244804
88,2050,10.4492586
89,2050,7.678573373
90,2050,10.44925859
91,2050,7.678573371
92,2050,2.988244804
93,2050,4.90788815
94,2050,4.907888147
95,2050,4.907888148
96,2050,8.107293718
97,2050,8.107293719
98,2050,8.107293718
99,2050,8.107293719
100,2050,6.187650376
101,2050,6.187650376
102,2050,5.970090795
103,2050,6.187650378
104,2050,2.770685225
105,2050,0.428720347
106,2050,3.199405571
107,2050,33.06265718
108,2050,9.169496368
109,2050,1.279762229
110,2050,8.107293718
111,2050,8.107293719
112,2050,7.038692258
113,2050,17.48795086
114,2050,29.64569203
115,2050,8.747174833
116,2050,11.51786006
117,2050,5.970090797
118,2050,29.64569203
119,2050,11.30669929
120,2050,7.249853026
121,2050,13.4375034
122,2050,11.30669929
123,2050,7.249853026
124,2050,15.78586709
125,2050,9.387055947
126,2050,9.387055948
127,2050,2.988244805
128,2050,0
129,2050,0
130,2050,7.249853026
131,2050,5.547769261
132,2050,1.068601461
133,2050,7.249853025
134,2050,6.609971912
135,2050,4.690328568
136,2050,5.970090797
137,2050,5.970090796
138,2050,5.758930028
139,2050,8.747174831
140,2050,6.609971914
141,2050,6.609971913
142,2050,6.609971912
143,2050,4.690328567
144,2050,6.60997191
145,2050,11.30669929
146,2050,11.30669929
147,2050,11.30669929
148,2050,11.30669929
149,2050,0
150,2050,8.318454485
151,2050,11.08913971
152,2050,7.249853025
153,2050,0
154,2050,8.318454487
155,2050,8.318454486
156,2050,8.10729372
157,2050,1.279762229
158,2050,5.119048915
159,2050,6.187650375
160,2050,0.639881114
161,2050,5.119048917
162,2050,0.851041882
163,2050,7.467412604
164,2050,4.268007033
165,2050,4.268007034
166,2050,4.268007033
167,2050,7.467412602
168,2050,4.268007034
169,2050,1.708482575
170,2050,33.70253829
171,2050,7.889734137
172,2050,7.249853024
173,2050,7.249853027
174,2050,8.747174834
175,2050,1.068601461
176,2050,2.130804111
177,2050,8.747174838
178,2050,1.068601461
179,2050,1.068601461
180,2050,0.639881114
181,2050,0.851041882
182,2050,0.851041882
183,2050,4.268007035
184,2050,1.279762229
185,2050,0.639881114
186,2050,2.34836369
187,2050,4.050447454
188,2050,4.050447455
189,2050,2.348363689
190,2050,19.4075942
191,2050,3.839286686
192,2050,1.708482575
193,2050,1.708482576
194,2050,5.75893003
195,2050,2.34836369
196,2050,5.547769262
197,2050,3.628125919
198,2050,1.279762229
199,2050,5.547769263
200,2050,3.628125919
201,2050,3.628125921
202,2050,2.988244803
203,2050,2.130804111
204,2050,1.279762229
205,2050,2.988244804
206,2050,38.60402763
207,2050,0
208,2050,0
209,2050,2.130804111
210,2050,0
211,2050,5.547769263
212,2050,0
213,2050,6.609971912
214,2050,6.609971912
215,2050,0
216,2050,11.51786006
217,2050,11.51786006
218,2050,11.51786006
219,2050,4.907888148
220,2050,4.907888145
221,2050,4.907888148
222,2050,4.907888148
223,2050,0
224,2050,0
225,2050,0
226,2050,0
227,2050,0
228,2050,0
229,2050,0
230,2050,0
231,2050,0
232,2050,0
233,2050,2.988244805
234,2050,3.41056634
235,2050,3.41056634
236,2050,4.050447456
237,2050,4.050447454
238,2050,3.410566339
239,2050,0
240,2050,0
241,2050,0
242,2050,0
243,2050,0
244,2050,0
245,2050,0
246,2050,0
247,2050,4.05044745
248,2050,0
249,2050,0
250,2050,4.907888148
251,2050,0
252,2050,6.187650376
253,2050,6.187650377
254,2050,6.187650376
255,2050,1.279762229
256,2050,2.13080411
257,2050,1.919643343
258,2050,5.119048915
259,2050,5.119048917
260,2050,5.119048916
261,2050,4.479167801
262,2050,4.4791678
263,2050,2.559524457
264,2050,2.559524458
265,2050,8.747174834
266,2050,5.119048915
267,2050,2.348363689
268,2050,1.919643343
269,2050,15.56830751
270,2050,1.919643342
271,2050,15.56830751
272,2050,5.970090797
273,2050,11.30669929
274,2050,11.30669929
275,2050,6.187650378
276,2050,6.187650375
277,2050,2.988244804
278,2050,0.428720347
279,2050,6.187650375
280,2050,6.187650375
281,2050,2.988244804
282,2050,3.199405571
283,2050,3.839286686
284,2050,0.428720347
285,2050,3.839286685
286,2050,4.050447455
287,2050,2.559524458
288,2050,4.4791678
289,2050,4.479167799
290,2050,8.318454485
291,2050,8.318454489
292,2050,1.279762229
293,2050,4.050447453
294,2050,4.479167801
295,2050,4.907888147
296,2050,4.050447454
297,2050,4.050447454
298,2050,3.628125919
299,2050,8.318454482
300,2050,1.279762229
301,2050,1.279762229
302,2050,2.348363689
303,2050,2.34836369
304,2050,0.639881114
305,2050,0
306,2050,2.34836369
307,2050,2.34836369
308,2050,3.199405571
309,2050,2.559524457
310,2050,2.559524458
311,2050,0
312,2050,2.559524458
313,2050,0
314,2050,1.919643343
315,2050,8.747174834
316,2050,4.907888147
317,2050,4.907888145
318,2050,8.747174831
319,2050,0.639881114
320,2050,4.050447454
321,2050,4.907888148
322,2050,4.907888148
323,2050,8.529615256
324,2050,8.529615257
325,2050,0
326,2050,4.050447453
327,2050,4.907888147
328,2050,1.279762229
329,2050,1.279762229
330,2050,1.279762229
331,2050,4.907888148
332,2050,4.907888146
333,2050,7.467412605
334,2050,15.35714675
335,2050,2.559524458
336,2050,6.609971912
337,2050,7.467412604
338,2050,4.907888147
339,2050,7.249853026
340,2050,4.907888148
341,2050,6.609971912
342,2050,6.609971912
343,2050,0.851041882
344,2050,2.559524458
345,2050,2.559524457
346,2050,2.559524457
347,2050,0
348,2050,7.467412603
349,2050,2.770685225
350,2050,7.467412606
351,2050,7.467412604
352,2050,0
353,2050,0
354,2050,0.428720346
355,2050,0
356,2050,0
357,2050,0
358,2050,0
359,2050,0
360,2050,0
361,2050,0
362,2050,0
363,2050,0
364,2050,0
365,2050,1.279762229
366,2050,1.279762229
367,2050,2.130804111
368,2050,1.708482575
369,2050,0
370,2050,0
371,2050,0
372,2050,2.770685225
373,2050,0
374,2050,1.279762229
375,2050,0
376,2050,0
377,2050,0
378,2050,0
379,2050,0
380,2050,0
381,2050,3.410566339
382,2050,0
383,2050,1.279762229
384,2050,1.279762229
385,2050,0
386,2050,2.559524458
387,2050,2.559524458
388,2050,2.559524458
389,2050,2.559524458
390,2050,1.279762229
391,2050,1.279762229
392,2050,1.279762229
393,2050,1.279762229
394,2050,1.279762229
395,2050,1.068601461
396,2050,1.068601461
397,2050,1.279762229
398,2050,2.559524458
399,2050,2.559524458
400,2050,0.639881114
401,2050,0.639881114
402,2050,1.279762229
403,2050,0.639881114
404,2050,0.639881114
405,2050,0.639881114
406,2050,1.279762229
407,2050,0.639881114
408,2050,0.639881114
409,2050,5.75893003
410,2050,2.559524458
411,2050,1.279762229
412,2050,1.068601461
413,2050,1.068601461
414,2050,1.068601461
415,2050,6.187650376
416,2050,5.119048915
417,2050,5.119048915
418,2050,6.187650376
419,2050,1.279762229
420,2050,6.187650376
421,2050,2.770685225
422,2050,2.770685225
423,2050,3.839286686
424,2050,21.96711866
425,2050,3.41056634
426,2050,4.690328569
427,2050,4.690328569
428,2050,3.839286686
429,2050,1.279762229
430,2050,4.050447454
431,2050,1.279762229
432,2050,3.839286686
433,2050,2.559524458
434,2050,1.279762229
435,2050,3.41056634
436,2050,1.279762229
437,2050,1.279762229
438,2050,1.279762229
439,2050,3.41056634
440,2050,3.41056634
441,2050,3.41056634
442,2050,1.490922997
443,2050,0
444,2050,0
445,2050,5.119048915
446,2050,5.119048915
447,2050,1.279762229
448,2050,15.56830751
449,2050,0.639881114
450,2050,2.559524458
451,2050,2.559524458
452,2050,33.06265718
453,2050,15.56830751
454,2050,1.279762229
455,2050,5.119048915
456,2050,1.279762229
457,2050,1.279762229
458,2050,2.770685225
459,2050,2.770685225
