Geo,Year,D3bpo4
1,2005,134.6221695
2,2005,71.9066572
3,2005,51.93590345
4,2005,85.96627802
5,2005,153.8914375
6,2005,48.2947509
7,2005,46.2243271
8,2005,46.22432709
9,2005,21.63790073
10,2005,46.22432709
11,2005,77.17385162
12,2005,77.17385161
13,2005,131.6885153
14,2005,77.17385162
15,2005,131.6885153
16,2005,51.93590344
17,2005,134.6221696
18,2005,134.6221696
19,2005,134.6221696
20,2005,130.877373
21,2005,134.6221696
22,2005,104.5727631
23,2005,131.6885152
24,2005,131.6885153
25,2005,28.74795554
26,2005,28.74795553
27,2005,98.16273309
28,2005,63.45414174
29,2005,29.43189551
30,2005,60.07022367
31,2005,104.5727632
32,2005,104.5727632
33,2005,130.877373
34,2005,134.6221696
35,2005,136.5952819
36,2005,136.5952819
37,2005,194.2389453
38,2005,206.4684122
39,2005,194.2389451
40,2005,143.1687935
41,2005,60.07022369
42,2005,143.1687935
43,2005,60.07022367
44,2005,121.1485503
45,2005,60.07022366
46,2005,125.1130783
47,2005,31.77298676
48,2005,31.77298676
49,2005,226.5228683
50,2005,202.2627656
51,2005,194.2389452
52,2005,120.4809697
53,2005,194.2389452
54,2005,216.5557943
55,2005,114.4691047
56,2005,216.5557943
57,2005,114.4691046
58,2005,120.4809697
59,2005,120.4809697
60,2005,230.5722738
61,2005,216.5557943
62,2005,216.5557943
63,2005,125.284625
64,2005,125.284625
65,2005,91.07797115
66,2005,134.1015215
67,2005,134.1015215
68,2005,237.917925
69,2005,237.917925
70,2005,92.90737372
71,2005,92.90737372
72,2005,84.41130139
73,2005,0.557921149
74,2005,137.893451
75,2005,96.3783257
76,2005,52.32798667
77,2005,96.3783257
78,2005,96.37832565
79,2005,96.37832575
80,2005,378.3481577
81,2005,378.3481574
82,2005,222.5418412
83,2005,222.5418411
84,2005,222.5418412
85,2005,134.6221696
86,2005,15.57028621
87,2005,233.3606982
88,2005,26.71961815
89,2005,29.88373536
90,2005,26.71961814
91,2005,29.88373536
92,2005,233.3606982
93,2005,96.89253562
94,2005,96.89253562
95,2005,96.89253561
96,2005,56.9097323
97,2005,56.90973232
98,2005,56.90973231
99,2005,56.90973231
100,2005,25.17357506
101,2005,25.17357505
102,2005,5.158518332
103,2005,25.17357505
104,2005,3.26915916
105,2005,20.22465047
106,2005,0.82789533
107,2005,25.76167088
108,2005,20.99384927
109,2005,12.97461331
110,2005,134.8850952
111,2005,134.8850952
112,2005,125.1130783
113,2005,12.54629021
114,2005,29.43189551
115,2005,22.38432785
116,2005,22.22630328
117,2005,34.43447629
118,2005,29.43189552
119,2005,24.84015209
120,2005,22.55809726
121,2005,21.63790073
122,2005,24.84015209
123,2005,22.55809726
124,2005,69.51388173
125,2005,46.22432709
126,2005,46.22432709
127,2005,85.96627803
128,2005,7.12570224
129,2005,7.12570224
130,2005,22.55809726
131,2005,18.8792738
132,2005,6.529749543
133,2005,22.55809727
134,2005,28.24351546
135,2005,26.78786996
136,2005,34.43447631
137,2005,34.43447628
138,2005,6.133167935
139,2005,22.38432784
140,2005,4.092464922
141,2005,4.092464923
142,2005,4.092464924
143,2005,26.78786997
144,2005,22.62415015
145,2005,23.5477912
146,2005,23.5477912
147,2005,23.5477912
148,2005,23.5477912
149,2005,0.424269272
150,2005,25.39876751
151,2005,19.48023264
152,2005,68.16949056
153,2005,0.424269272
154,2005,25.39876752
155,2005,25.39876752
156,2005,0
157,2005,12.97461331
158,2005,40.40888806
159,2005,31.68914242
160,2005,3.319734566
161,2005,40.40888806
162,2005,1.198293909
163,2005,45.14333505
164,2005,21.00568536
165,2005,21.00568537
166,2005,21.00568536
167,2005,45.14333505
168,2005,21.00568536
169,2005,20.0483899
170,2005,134.6221696
171,2005,134.1015215
172,2005,84.39349545
173,2005,84.39349544
174,2005,18.70635515
175,2005,9.6960833
176,2005,16.89425388
177,2005,18.70635514
178,2005,8.172415007
179,2005,8.172415004
180,2005,0
181,2005,14.27416061
182,2005,14.27416061
183,2005,7.216935065
184,2005,1.560583801
185,2005,0
186,2005,5.478748751
187,2005,16.87815775
188,2005,16.87815775
189,2005,5.478748752
190,2005,41.02948289
191,2005,33.46876126
192,2005,6.798472961
193,2005,6.798472961
194,2005,40.27174816
195,2005,5.478748752
196,2005,131.8012628
197,2005,3.411331117
198,2005,4.437128134
199,2005,131.8012628
200,2005,3.411331117
201,2005,3.411331116
202,2005,27.69147504
203,2005,15.0464174
204,2005,2.635811168
205,2005,27.69147504
206,2005,1.528850599
207,2005,7.12570224
208,2005,7.125702239
209,2005,15.04641741
210,2005,7.12570224
211,2005,131.8012628
212,2005,0
213,2005,1.078848036
214,2005,1.078848036
215,2005,2.417028961
216,2005,6.202932688
217,2005,6.202932688
218,2005,6.202932688
219,2005,13.48037462
220,2005,13.48037462
221,2005,13.48037462
222,2005,13.48037462
223,2005,0
224,2005,0
225,2005,2.417028961
226,2005,2.417028962
227,2005,0
228,2005,2.417028961
229,2005,6.202932687
230,2005,6.202932685
231,2005,0
232,2005,0.144317002
233,2005,27.69147504
234,2005,0.687748212
235,2005,0.687748214
236,2005,0
237,2005,0
238,2005,0.687748213
239,2005,0
240,2005,0
241,2005,0
242,2005,4.265206368
243,2005,0.06922383
244,2005,0.06922383
245,2005,0.06922383
246,2005,0
247,2005,0
248,2005,3.130963309
249,2005,0
250,2005,13.48037462
251,2005,0
252,2005,23.4063985
253,2005,23.4063985
254,2005,23.4063985
255,2005,5.650657049
256,2005,5.754007828
257,2005,18.10105025
258,2005,18.23623268
259,2005,18.23623268
260,2005,18.23623268
261,2005,15.26473122
262,2005,15.26473121
263,2005,24.71475812
264,2005,24.71475811
265,2005,18.70635515
266,2005,18.23623268
267,2005,19.98625094
268,2005,20.13272334
269,2005,111.6555468
270,2005,26.0937633
271,2005,111.6555469
272,2005,41.59913131
273,2005,17.88492293
274,2005,17.88492294
275,2005,23.4063985
276,2005,23.40639851
277,2005,0.055697609
278,2005,20.22465046
279,2005,23.40639851
280,2005,23.4063985
281,2005,0.055697609
282,2005,0
283,2005,38.58510303
284,2005,20.22465047
285,2005,38.58510304
286,2005,17.29604577
287,2005,3.344548701
288,2005,9.484636739
289,2005,9.484636734
290,2005,5.369659199
291,2005,11.02768505
292,2005,14.8105795
293,2005,17.29604577
294,2005,9.484636742
295,2005,39.4297494
296,2005,17.29604577
297,2005,17.29604578
298,2005,14.36849391
299,2005,11.02768505
300,2005,15.98864987
301,2005,13.7827908
302,2005,19.98625093
303,2005,19.98625094
304,2005,39.36867467
305,2005,26.97205786
306,2005,19.98625094
307,2005,19.98625093
308,2005,8.273077743
309,2005,19.01336089
310,2005,19.01336089
311,2005,39.36867468
312,2005,19.01336089
313,2005,23.12283386
314,2005,26.0937633
315,2005,18.70635514
316,2005,17.86453256
317,2005,17.86453257
318,2005,18.70635515
319,2005,0.113736115
320,2005,2.520019123
321,2005,17.86453256
322,2005,17.86453256
323,2005,3.722848716
324,2005,3.722848715
325,2005,0
326,2005,17.29604578
327,2005,4.129474731
328,2005,14.8105795
329,2005,14.81057949
330,2005,14.8105795
331,2005,4.129474728
332,2005,4.129474729
333,2005,39.1556499
334,2005,55.17475215
335,2005,7.847685173
336,2005,7.0694378
337,2005,39.15564991
338,2005,4.129474729
339,2005,36.12138253
340,2005,4.129474726
341,2005,7.069437802
342,2005,7.0694378
343,2005,0.153306504
344,2005,5.519492182
345,2005,5.519492185
346,2005,5.519492181
347,2005,0.061593893
348,2005,77.79569304
349,2005,9.207595305
350,2005,77.79569305
351,2005,77.79569304
352,2005,77.79569309
353,2005,0.108547591
354,2005,0.283945991
355,2005,0.043085363
356,2005,0.0592074
357,2005,0.208101536
358,2005,0.0592074
359,2005,0.0592074
360,2005,4.678912068
361,2005,7.985512116
362,2005,7.985512123
363,2005,4.678912067
364,2005,10.8628181
365,2005,0
366,2005,0.621051807
367,2005,21.50620011
368,2005,18.33878347
369,2005,0.318908161
370,2005,0.318908161
371,2005,10.8628181
372,2005,10.8628181
373,2005,0.490000926
374,2005,0
375,2005,10.90646615
376,2005,10.90646615
377,2005,20.0483899
378,2005,10.90646615
379,2005,0
380,2005,4.482665272
381,2005,36.24541903
382,2005,24.45099627
383,2005,8.403013614
384,2005,8.403013613
385,2005,19.62678794
386,2005,8.43030543
387,2005,45.28996393
388,2005,45.28996394
389,2005,8.430305432
390,2005,40.73235367
391,2005,40.73235366
392,2005,40.73235366
393,2005,9.677251466
394,2005,9.67725146
395,2005,6.942587893
396,2005,6.942587893
397,2005,9.677251467
398,2005,17.08196298
399,2005,21.63481166
400,2005,14.6009899
401,2005,7.733370825
402,2005,32.97001229
403,2005,9.248414381
404,2005,5.075072954
405,2005,26.53283028
406,2005,10.50028469
407,2005,11.01180342
408,2005,11.01180342
409,2005,12.15138631
410,2005,17.08196298
411,2005,19.06678496
412,2005,6.942587894
413,2005,6.942587894
414,2005,6.942587893
415,2005,0
416,2005,14.98559241
417,2005,14.98559241
418,2005,0
419,2005,12.9746133
420,2005,0
421,2005,27.96159119
422,2005,28.90148483
423,2005,44.36453744
424,2005,18.45968218
425,2005,36.24541902
426,2005,32.57392809
427,2005,22.30045347
428,2005,44.36453744
429,2005,17.18521324
430,2005,32.17511647
431,2005,17.18521324
432,2005,44.36453742
433,2005,21.8255062
434,2005,8.403013615
435,2005,36.24541902
436,2005,17.18521324
437,2005,8.403013611
438,2005,8.403013615
439,2005,24.22067953
440,2005,34.28654174
441,2005,24.22067953
442,2005,65.03449519
443,2005,19.62678794
444,2005,20.0483899
445,2005,14.98559241
446,2005,14.98559241
447,2005,19.06678496
448,2005,38.91724418
449,2005,26.53283028
450,2005,24.73936604
451,2005,24.73936603
452,2005,25.76167088
453,2005,38.91724416
454,2005,12.97461331
455,2005,14.98559242
456,2005,12.97461331
457,2005,12.9746133
458,2005,27.96159119
459,2005,27.96159119
1,2010,129.912346
2,2010,69.390967
3,2010,50.1189
4,2010,82.958705
5,2010,148.507469
6,2010,46.605135
7,2010,44.607146
8,2010,44.607146
9,2010,20.880888
10,2010,44.607146
11,2010,74.473886
12,2010,74.473886
13,2010,127.081327
14,2010,74.473886
15,2010,127.081327
16,2010,50.1189
17,2010,129.912346
18,2010,129.912346
19,2010,129.912346
20,2010,126.298563
21,2010,129.912346
22,2010,100.914233
23,2010,127.081327
24,2010,127.081327
25,2010,27.742194
26,2010,27.742194
27,2010,94.728461
28,2010,61.234167
29,2010,28.402206
30,2010,57.968637
31,2010,100.914233
32,2010,100.914233
33,2010,126.298563
34,2010,129.912346
35,2010,131.816428
36,2010,131.816428
37,2010,187.443399
38,2010,199.245012
39,2010,187.443399
40,2010,138.159962
41,2010,57.968637
42,2010,138.159962
43,2010,57.968637
44,2010,116.910108
45,2010,57.968637
46,2010,120.735935
47,2010,30.661393
48,2010,30.661393
49,2010,218.597853
50,2010,195.186502
51,2010,187.443399
52,2010,116.265883
53,2010,187.443399
54,2010,208.979482
55,2010,110.464346
56,2010,208.979482
57,2010,110.464346
58,2010,116.265883
59,2010,116.265883
60,2010,222.505588
61,2010,208.979482
62,2010,208.979482
63,2010,120.90148
64,2010,120.90148
65,2010,87.891563
66,2010,129.409913
67,2010,129.409913
68,2010,229.594248
69,2010,229.594248
70,2010,89.656963
71,2010,89.656963
72,2010,81.45813
73,2010,0.538402
74,2010,133.06918
75,2010,93.006482
76,2010,50.497266
77,2010,93.006482
78,2010,93.006482
79,2010,93.006482
80,2010,365.111459
81,2010,365.111459
82,2010,214.756104
83,2010,214.756104
84,2010,214.756104
85,2010,129.912346
86,2010,15.025552
87,2010,225.196458
88,2010,25.784819
89,2010,28.838238
90,2010,25.784819
91,2010,28.838238
92,2010,225.196458
93,2010,93.502702
94,2010,93.502702
95,2010,93.502702
96,2010,54.918717
97,2010,54.918717
98,2010,54.918717
99,2010,54.918717
100,2010,24.292865
101,2010,24.292865
102,2010,4.978045
103,2010,24.292865
104,2010,3.154786
105,2010,19.517081
106,2010,0.798931
107,2010,24.860386
108,2010,20.259369
109,2010,12.52069
110,2010,130.166073
111,2010,130.166073
112,2010,120.735935
113,2010,12.107352
114,2010,28.402206
115,2010,21.601201
116,2010,21.448705
117,2010,33.229769
118,2010,28.402206
119,2010,23.971107
120,2010,21.768891
121,2010,20.880888
122,2010,23.971107
123,2010,21.768891
124,2010,67.081904
125,2010,44.607146
126,2010,44.607146
127,2010,82.958705
128,2010,6.876406
129,2010,6.876406
130,2010,21.768891
131,2010,18.218773
132,2010,6.301303
133,2010,21.768891
134,2010,27.255402
135,2010,25.850683
136,2010,33.229769
137,2010,33.229769
138,2010,5.918596
139,2010,21.601201
140,2010,3.949288
141,2010,3.949288
142,2010,3.949288
143,2010,25.850683
144,2010,21.832633
145,2010,22.72396
146,2010,22.72396
147,2010,22.72396
148,2010,22.72396
149,2010,0.409426
150,2010,24.510179
151,2010,18.798707
152,2010,65.784547
153,2010,0.409426
154,2010,24.510179
155,2010,24.510179
156,2010,0
157,2010,12.52069
158,2010,38.995163
159,2010,30.580482
160,2010,3.203592
161,2010,38.995163
162,2010,1.156371
163,2010,43.563973
164,2010,20.270791
165,2010,20.270791
166,2010,20.270791
167,2010,43.563973
168,2010,20.270791
169,2010,19.346987
170,2010,129.912346
171,2010,129.409913
172,2010,81.440947
173,2010,81.440947
174,2010,18.051904
175,2010,9.356861
176,2010,16.3032
177,2010,18.051904
178,2010,7.886499
179,2010,7.886499
180,2010,0
181,2010,13.774772
182,2010,13.774772
183,2010,6.964447
184,2010,1.505986
185,2010,0
186,2010,5.287072
187,2010,16.287667
188,2010,16.287667
189,2010,5.287072
190,2010,39.594046
191,2010,32.29784
192,2010,6.560625
193,2010,6.560625
194,2010,38.862821
195,2010,5.287072
196,2010,127.19013
197,2010,3.291984
198,2010,4.281893
199,2010,127.19013
200,2010,3.291984
201,2010,3.291984
202,2010,26.722675
203,2010,14.520011
204,2010,2.543596
205,2010,26.722675
206,2010,1.475363
207,2010,6.876406
208,2010,6.876406
209,2010,14.520011
210,2010,6.876406
211,2010,127.19013
212,2010,0
213,2010,1.041104
214,2010,1.041104
215,2010,2.332468
216,2010,5.98592
217,2010,5.98592
218,2010,5.98592
219,2010,13.008757
220,2010,13.008757
221,2010,13.008757
222,2010,13.008757
223,2010,0
224,2010,0
225,2010,2.332468
226,2010,2.332468
227,2010,0
228,2010,2.332468
229,2010,5.98592
230,2010,5.98592
231,2010,0
232,2010,0.139268
233,2010,26.722675
234,2010,0.663687
235,2010,0.663687
236,2010,0
237,2010,0
238,2010,0.663687
239,2010,0
240,2010,0
241,2010,0
242,2010,4.115986
243,2010,0.066802
244,2010,0.066802
245,2010,0.066802
246,2010,0
247,2010,0
248,2010,3.021425
249,2010,0
250,2010,13.008757
251,2010,0
252,2010,22.587514
253,2010,22.587514
254,2010,22.587514
255,2010,5.452966
256,2010,5.552701
257,2010,17.467776
258,2010,17.598229
259,2010,17.598229
260,2010,17.598229
261,2010,14.730687
262,2010,14.730687
263,2010,23.8501
264,2010,23.8501
265,2010,18.051904
266,2010,17.598229
267,2010,19.287022
268,2010,19.42837
269,2010,107.749222
270,2010,25.18086
271,2010,107.749222
272,2010,40.143765
273,2010,17.25921
274,2010,17.25921
275,2010,22.587514
276,2010,22.587514
277,2010,0.053749
278,2010,19.517081
279,2010,22.587514
280,2010,22.587514
281,2010,0.053749
282,2010,0
283,2010,37.235184
284,2010,19.517081
285,2010,37.235184
286,2010,16.690935
287,2010,3.227538
288,2010,9.152812
289,2010,9.152812
290,2010,5.181799
291,2010,10.641876
292,2010,14.292424
293,2010,16.690935
294,2010,9.152812
295,2010,38.05028
296,2010,16.690935
297,2010,16.690935
298,2010,13.865805
299,2010,10.641876
300,2010,15.429279
301,2010,13.300593
302,2010,19.287022
303,2010,19.287022
304,2010,37.991342
305,2010,26.028427
306,2010,19.287022
307,2010,19.287022
308,2010,7.98364
309,2010,18.348169
310,2010,18.348169
311,2010,37.991342
312,2010,18.348169
313,2010,22.31387
314,2010,25.18086
315,2010,18.051904
316,2010,17.239533
317,2010,17.239533
318,2010,18.051904
319,2010,0.109757
320,2010,2.431855
321,2010,17.239533
322,2010,17.239533
323,2010,3.592603
324,2010,3.592603
325,2010,0
326,2010,16.690935
327,2010,3.985003
328,2010,14.292424
329,2010,14.292424
330,2010,14.292424
331,2010,3.985003
332,2010,3.985003
333,2010,37.78577
334,2010,53.244436
335,2010,7.57313
336,2010,6.82211
337,2010,37.78577
338,2010,3.985003
339,2010,34.857658
340,2010,3.985003
341,2010,6.82211
342,2010,6.82211
343,2010,0.147943
344,2010,5.32639
345,2010,5.32639
346,2010,5.32639
347,2010,0.059439
348,2010,75.073972
349,2010,8.885463
350,2010,75.073972
351,2010,75.073972
352,2010,75.073972
353,2010,0.10475
354,2010,0.274012
355,2010,0.041578
356,2010,0.057136
357,2010,0.200821
358,2010,0.057136
359,2010,0.057136
360,2010,4.515218
361,2010,7.706135
362,2010,7.706135
363,2010,4.515218
364,2010,10.482777
365,2010,0
366,2010,0.599324
367,2010,20.753795
368,2010,17.697192
369,2010,0.307751
370,2010,0.307751
371,2010,10.482777
372,2010,10.482777
373,2010,0.472858
374,2010,0
375,2010,10.524898
376,2010,10.524898
377,2010,19.346987
378,2010,10.524898
379,2010,0
380,2010,4.325837
381,2010,34.977355
382,2010,23.595566
383,2010,8.10903
384,2010,8.10903
385,2010,18.940135
386,2010,8.135367
387,2010,43.705472
388,2010,43.705472
389,2010,8.135367
390,2010,39.307312
391,2010,39.307312
392,2010,39.307312
393,2010,9.338688
394,2010,9.338688
395,2010,6.699698
396,2010,6.699698
397,2010,9.338688
398,2010,16.484342
399,2010,20.877907
400,2010,14.090167
401,2010,7.462815
402,2010,31.81654
403,2010,8.924854
404,2010,4.897519
405,2010,25.604566
406,2010,10.132927
407,2010,10.62655
408,2010,10.62655
409,2010,11.726264
410,2010,16.484342
411,2010,18.399724
412,2010,6.699698
413,2010,6.699698
414,2010,6.699698
415,2010,0
416,2010,14.461314
417,2010,14.461314
418,2010,0
419,2010,12.52069
420,2010,0
421,2010,26.983341
422,2010,27.890352
423,2010,42.812422
424,2010,17.813861
425,2010,34.977355
426,2010,31.434313
427,2010,21.520261
428,2010,42.812422
429,2010,16.58398
430,2010,31.049454
431,2010,16.58398
432,2010,42.812422
433,2010,21.06193
434,2010,8.10903
435,2010,34.977355
436,2010,16.58398
437,2010,8.10903
438,2010,8.10903
439,2010,23.373307
440,2010,33.08701
441,2010,23.373307
442,2010,62.759231
443,2010,18.940135
444,2010,19.346987
445,2010,14.461314
446,2010,14.461314
447,2010,18.399724
448,2010,37.555705
449,2010,25.604566
450,2010,23.873847
451,2010,23.873847
452,2010,24.860386
453,2010,37.555705
454,2010,12.52069
455,2010,14.461314
456,2010,12.52069
457,2010,12.52069
458,2010,26.983341
459,2010,26.983341
1,2020,123.53158
2,2020,65.98276498
3,2020,47.65726354
4,2020,78.88411088
5,2020,141.2133862
6,2020,44.31608035
7,2020,42.41622445
8,2020,42.41622445
9,2020,19.85530372
10,2020,42.41622445
11,2020,70.81603168
12,2020,70.81603167
13,2020,120.8396092
14,2020,70.81603168
15,2020,120.8396092
16,2020,47.65726352
17,2020,123.5315801
18,2020,123.53158
19,2020,123.53158
20,2020,120.0952913
21,2020,123.5315801
22,2020,95.95773639
23,2020,120.8396092
24,2020,120.8396092
25,2020,26.37961028
26,2020,26.37961028
27,2020,90.07578434
28,2020,58.22659382
29,2020,27.00720518
30,2020,55.12145336
31,2020,95.95773639
32,2020,95.95773638
33,2020,120.0952913
34,2020,123.5315801
35,2020,125.3421413
36,2020,125.3421413
37,2020,178.2369417
38,2020,189.4589075
39,2020,178.2369418
40,2020,131.3741067
41,2020,55.12145335
42,2020,131.3741067
43,2020,55.12145338
44,2020,111.1679591
45,2020,55.12145333
46,2020,114.805877
47,2020,29.15543011
48,2020,29.1554301
49,2020,207.8612157
50,2020,185.599735
51,2020,178.2369418
52,2020,110.5553758
53,2020,178.2369417
54,2020,198.71526
55,2020,105.0387867
56,2020,198.71526
57,2020,105.0387867
58,2020,110.5553758
59,2020,110.5553758
60,2020,211.5770187
61,2020,198.7152601
62,2020,198.7152601
63,2020,114.9632911
64,2020,114.9632911
65,2020,83.57468693
66,2020,123.0538245
67,2020,123.0538245
68,2020,218.3175125
69,2020,218.3175125
70,2020,85.2533777
71,2020,85.25337771
72,2020,77.45723802
73,2020,0.511957884
74,2020,126.5333632
75,2020,88.43838195
76,2020,48.01704571
77,2020,88.43838199
78,2020,88.43838196
79,2020,88.43838195
80,2020,347.1786693
81,2020,347.1786694
82,2020,204.2081578
83,2020,204.2081579
84,2020,204.2081577
85,2020,123.53158
86,2020,14.28755801
87,2020,214.1357241
88,2020,24.51837359
89,2020,27.42182106
90,2020,24.51837357
91,2020,27.42182106
92,2020,214.1357241
93,2020,88.91022967
94,2020,88.91022966
95,2020,88.91022966
96,2020,52.22133302
97,2020,52.22133303
98,2020,52.22133304
99,2020,52.22133303
100,2020,23.09969829
101,2020,23.09969829
102,2020,4.73354368
103,2020,23.0996983
104,2020,2.999835747
105,2020,18.55848138
106,2020,0.759690759
107,2020,23.63934497
108,2020,19.26431121
109,2020,11.90572464
110,2020,123.772845
111,2020,123.772845
112,2020,114.805877
113,2020,11.51268812
114,2020,27.00720517
115,2020,20.54023787
116,2020,20.39523186
117,2020,31.59765791
118,2020,27.00720519
119,2020,22.79374374
120,2020,20.69969163
121,2020,19.85530373
122,2020,22.79374374
123,2020,20.69969163
124,2020,63.78711374
125,2020,42.41622445
126,2020,42.41622445
127,2020,78.88411087
128,2020,6.53866491
129,2020,6.538664909
130,2020,20.69969163
131,2020,17.32394099
132,2020,5.991808634
133,2020,20.69969163
134,2020,25.91672754
135,2020,24.58100261
136,2020,31.59765792
137,2020,31.59765791
138,2020,5.627898643
139,2020,20.54023787
140,2020,3.755315039
141,2020,3.75531504
142,2020,3.755315039
143,2020,24.58100262
144,2020,20.76030288
145,2020,21.60785152
146,2020,21.60785152
147,2020,21.60785152
148,2020,21.60785153
149,2020,0.38931666
150,2020,23.3063387
151,2020,17.87539098
152,2020,62.55347765
153,2020,0.38931666
154,2020,23.30633871
155,2020,23.3063387
156,2020,0
157,2020,11.90572464
158,2020,37.07987923
159,2020,29.07849313
160,2020,3.046244593
161,2020,37.07987922
162,2020,1.09957476
163,2020,41.42428787
164,2020,19.27517221
165,2020,19.27517221
166,2020,19.27517221
167,2020,41.42428787
168,2020,19.27517221
169,2020,18.3967417
170,2020,123.53158
171,2020,123.0538245
172,2020,77.44089898
173,2020,77.44089897
174,2020,17.16526791
175,2020,8.897290047
176,2020,15.50245314
177,2020,17.16526791
178,2020,7.499146251
179,2020,7.49914625
180,2020,0
181,2020,13.09821123
182,2020,13.09821124
183,2020,6.622381695
184,2020,1.432018094
185,2020,0
186,2020,5.02739253
187,2020,15.48768306
188,2020,15.48768305
189,2020,5.027392531
190,2020,37.64934753
191,2020,30.71150148
192,2020,6.238393787
193,2020,6.238393789
194,2020,36.95403732
195,2020,5.027392531
196,2020,120.9430682
197,2020,3.130295137
198,2020,4.071583833
199,2020,120.9430682
200,2020,3.130295138
201,2020,3.130295137
202,2020,25.41016591
203,2020,13.80684713
204,2020,2.418664912
205,2020,25.41016592
206,2020,1.402899171
207,2020,6.53866491
208,2020,6.53866491
209,2020,13.80684712
210,2020,6.53866491
211,2020,120.9430682
212,2020,0
213,2020,0.989969207
214,2020,0.989969207
215,2020,2.21790666
216,2020,5.69191596
217,2020,5.69191596
218,2020,5.691915963
219,2020,12.36981978
220,2020,12.36981978
221,2020,12.36981978
222,2020,12.36981978
223,2020,0
224,2020,0
225,2020,2.217906661
226,2020,2.217906661
227,2020,0
228,2020,2.217906659
229,2020,5.691915962
230,2020,5.691915959
231,2020,0
232,2020,0.132427723
233,2020,25.4101659
234,2020,0.631089394
235,2020,0.631089394
236,2020,0
237,2020,0
238,2020,0.631089395
239,2020,0
240,2020,0
241,2020,0
242,2020,3.913825512
243,2020,0.063520958
244,2020,0.063520957
245,2020,0.063520957
246,2020,0
247,2020,0
248,2020,2.873024895
249,2020,0
250,2020,12.36981978
251,2020,0
252,2020,21.4781072
253,2020,21.4781072
254,2020,21.4781072
255,2020,5.185138492
256,2020,5.279974915
257,2020,16.6098299
258,2020,16.73387558
259,2020,16.73387558
260,2020,16.73387558
261,2020,14.00717558
262,2020,14.00717557
263,2020,22.67868011
264,2020,22.67868011
265,2020,17.16526791
266,2020,16.73387558
267,2020,18.33972194
268,2020,18.4741275
269,2020,102.4570185
270,2020,23.94407859
271,2020,102.4570185
272,2020,38.17206656
273,2020,16.41150781
274,2020,16.41150782
275,2020,21.4781072
276,2020,21.47810721
277,2020,0.051109068
278,2020,18.55848136
279,2020,21.47810719
280,2020,21.4781072
281,2020,0.051109068
282,2020,0
283,2020,35.40634323
284,2020,18.55848138
285,2020,35.40634323
286,2020,15.87114417
287,2020,3.069014462
288,2020,8.703263109
289,2020,8.703263107
290,2020,4.927290112
291,2020,10.11919034
292,2020,13.59043827
293,2020,15.87114417
294,2020,8.703263104
295,2020,36.18140502
296,2020,15.87114417
297,2020,15.87114416
298,2020,13.18477306
299,2020,10.11919034
300,2020,14.67145558
301,2020,12.64732198
302,2020,18.33972193
303,2020,18.33972194
304,2020,36.12536183
305,2020,24.75001655
306,2020,18.33972193
307,2020,18.33972194
308,2020,7.591516081
309,2020,17.44698158
310,2020,17.44698158
311,2020,36.12536182
312,2020,17.44698158
313,2020,21.21790347
314,2020,23.94407859
315,2020,17.16526791
316,2020,16.39279727
317,2020,16.39279727
318,2020,17.16526791
319,2020,0.104366183
320,2020,2.312412175
321,2020,16.39279727
322,2020,16.39279727
323,2020,3.416148955
324,2020,3.416148955
325,2020,0
326,2020,15.87114417
327,2020,3.789275864
328,2020,13.59043827
329,2020,13.59043827
330,2020,13.59043828
331,2020,3.789275863
332,2020,3.789275862
333,2020,35.92988669
334,2020,50.62928587
335,2020,7.201168662
336,2020,6.487035707
337,2020,35.92988669
338,2020,3.789275864
339,2020,33.14559164
340,2020,3.789275861
341,2020,6.487035708
342,2020,6.487035709
343,2020,0.140676642
344,2020,5.064779389
345,2020,5.064779391
346,2020,5.06477939
347,2020,0.056519598
348,2020,71.38664388
349,2020,8.449045203
350,2020,71.3866439
351,2020,71.38664388
352,2020,71.3866439
353,2020,0.099605105
354,2020,0.260553644
355,2020,0.039535858
356,2020,0.054329712
357,2020,0.190957489
358,2020,0.054329712
359,2020,0.054329712
360,2020,4.29344886
361,2020,7.327640998
362,2020,7.327641005
363,2020,4.293448859
364,2020,9.967905638
365,2020,0
366,2020,0.569887643
367,2020,19.73445301
368,2020,16.82797792
369,2020,0.292635523
370,2020,0.292635523
371,2020,9.96790564
372,2020,9.967905638
373,2020,0.449633139
374,2020,0
375,2020,10.00795783
376,2020,10.00795783
377,2020,18.3967417
378,2020,10.00795783
379,2020,0
380,2020,4.11336948
381,2020,33.2594096
382,2020,22.43664777
383,2020,7.710747434
384,2020,7.710747436
385,2020,18.00987262
386,2020,7.735790866
387,2020,41.558837
388,2020,41.55883702
389,2020,7.735790865
390,2020,37.37669675
391,2020,37.37669673
392,2020,37.37669674
393,2020,8.880009637
394,2020,8.880009635
395,2020,6.370636087
396,2020,6.370636087
397,2020,8.88000964
398,2020,15.67469818
399,2020,19.85246914
400,2020,13.39811531
401,2020,7.096271885
402,2020,30.25384098
403,2020,8.486501478
404,2020,4.65697279
405,2020,24.34697388
406,2020,9.635238845
407,2020,10.10461709
408,2020,10.10461709
409,2020,11.15031762
410,2020,15.67469818
411,2020,17.49600441
412,2020,6.370636089
413,2020,6.37063609
414,2020,6.370636087
415,2020,0
416,2020,13.75103308
417,2020,13.75103309
418,2020,0
419,2020,11.90572464
420,2020,0
421,2020,25.65802906
422,2020,26.52049137
423,2020,40.70964999
424,2020,16.93891662
425,2020,33.25940961
426,2020,29.89038742
427,2020,20.46327332
428,2020,40.70965
429,2020,15.76944237
430,2020,29.52443113
431,2020,15.76944237
432,2020,40.70964999
433,2020,20.02745368
434,2020,7.710747434
435,2020,33.25940961
436,2020,15.76944237
437,2020,7.710747429
438,2020,7.710747434
439,2020,22.22530524
440,2020,31.46191067
441,2020,22.22530524
442,2020,59.67675288
443,2020,18.00987262
444,2020,18.3967417
445,2020,13.75103308
446,2020,13.75103309
447,2020,17.4960044
448,2020,35.71112156
449,2020,24.34697387
450,2020,22.70126075
451,2020,22.70126075
452,2020,23.63934497
453,2020,35.71112155
454,2020,11.90572464
455,2020,13.75103309
456,2020,11.90572463
457,2020,11.90572464
458,2020,25.65802905
459,2020,25.65802906
1,2025,121.6518759
2,2025,64.97874578
3,2025,46.93209224
4,2025,77.68377983
5,2025,139.0646289
6,2025,43.64174979
7,2025,41.77080282
8,2025,41.77080282
9,2025,19.55317777
10,2025,41.77080282
11,2025,69.73846764
12,2025,69.73846763
13,2025,119.0008671
14,2025,69.73846764
15,2025,119.0008671
16,2025,46.93209222
17,2025,121.6518759
18,2025,121.6518759
19,2025,121.6518758
20,2025,118.2678751
21,2025,121.6518759
22,2025,94.49760643
23,2025,119.0008671
24,2025,119.0008671
25,2025,25.97820796
26,2025,25.97820796
27,2025,88.70515648
28,2025,57.34059551
29,2025,26.59625313
30,2025,54.28270407
31,2025,94.49760648
32,2025,94.49760647
33,2025,118.267875
34,2025,121.6518759
35,2025,123.4348869
36,2025,123.4348869
37,2025,175.5248198
38,2025,186.5760277
39,2025,175.5248197
40,2025,129.3750676
41,2025,54.28270409
42,2025,129.3750676
43,2025,54.28270406
44,2025,109.4763845
45,2025,54.28270404
46,2025,113.0589465
47,2025,28.71178984
48,2025,28.71178984
49,2025,204.6983193
50,2025,182.7755778
51,2025,175.5248198
52,2025,108.8731225
53,2025,175.5248197
54,2025,195.691532
55,2025,103.440476
56,2025,195.6915319
57,2025,103.440476
58,2025,108.8731226
59,2025,108.8731226
60,2025,208.3575812
61,2025,195.6915321
62,2025,195.691532
63,2025,113.2139654
64,2025,113.2139654
65,2025,82.30298233
66,2025,121.1813901
67,2025,121.1813901
68,2025,214.9955091
69,2025,214.9955091
70,2025,83.95612942
71,2025,83.95612944
72,2025,76.27861882
73,2025,0.504167735
74,2025,124.6079828
75,2025,87.09266943
76,2025,47.28639984
77,2025,87.09266946
78,2025,87.09266939
79,2025,87.09266947
80,2025,341.8958649
81,2025,341.8958647
82,2025,201.1008478
83,2025,201.1008477
84,2025,201.1008477
85,2025,121.6518759
86,2025,14.07015301
87,2025,210.8773523
88,2025,24.14529255
89,2025,27.00456006
90,2025,24.14529255
91,2025,27.00456006
92,2025,210.8773523
93,2025,87.55733735
94,2025,87.55733731
95,2025,87.55733731
96,2025,51.42671308
97,2025,51.42671309
98,2025,51.42671309
99,2025,51.4267131
100,2025,22.74820438
101,2025,22.74820437
102,2025,4.661516255
103,2025,22.74820438
104,2025,2.95418909
105,2025,18.27608837
106,2025,0.748131012
107,2025,23.27963958
108,2025,18.97117802
109,2025,11.72456255
110,2025,121.8894697
111,2025,121.8894697
112,2025,113.0589465
113,2025,11.33750662
114,2025,26.59625313
115,2025,20.2276897
116,2025,20.08489015
117,2025,31.11685578
118,2025,26.59625314
119,2025,22.44690535
120,2025,20.38471714
121,2025,19.55317777
122,2025,22.44690535
123,2025,20.38471715
124,2025,62.81650444
125,2025,41.77080282
126,2025,41.77080283
127,2025,77.68377982
128,2025,6.439170064
129,2025,6.439170063
130,2025,20.38471714
131,2025,17.06033323
132,2025,5.900634964
133,2025,20.38471715
134,2025,25.52236862
135,2025,24.2069686
136,2025,31.11685577
137,2025,31.11685578
138,2025,5.542262368
139,2025,20.2276897
140,2025,3.698172718
141,2025,3.698172717
142,2025,3.698172717
143,2025,24.2069686
144,2025,20.44440611
145,2025,21.27905812
146,2025,21.27905811
147,2025,21.27905813
148,2025,21.27905813
149,2025,0.383392668
150,2025,22.95170046
151,2025,17.60339214
152,2025,61.60163982
153,2025,0.383392668
154,2025,22.95170047
155,2025,22.95170047
156,2025,0
157,2025,11.72456254
158,2025,36.51565749
159,2025,28.63602356
160,2025,2.999891762
161,2025,36.51565748
162,2025,1.082843207
163,2025,40.79395993
164,2025,18.98187375
165,2025,18.98187376
166,2025,18.98187375
167,2025,40.79395993
168,2025,18.98187376
169,2025,18.11680978
170,2025,121.6518758
171,2025,121.1813901
172,2025,76.2625284
173,2025,76.26252841
174,2025,16.90407457
175,2025,8.761905455
176,2025,15.26656183
177,2025,16.90407457
178,2025,7.385036351
179,2025,7.385036345
180,2025,0
181,2025,12.8989038
182,2025,12.8989038
183,2025,6.521612978
184,2025,1.410227954
185,2025,0
186,2025,4.950893788
187,2025,15.2520165
188,2025,15.25201649
189,2025,4.950893787
190,2025,37.07646054
191,2025,30.24418343
192,2025,6.143467981
193,2025,6.143467983
194,2025,36.39173044
195,2025,4.950893788
196,2025,119.1027519
197,2025,3.08266336
198,2025,4.009629045
199,2025,119.1027519
200,2025,3.082663359
201,2025,3.08266336
202,2025,25.02351503
203,2025,13.59675681
204,2025,2.381861576
205,2025,25.02351503
206,2025,1.381552116
207,2025,6.439170063
208,2025,6.439170066
209,2025,13.59675682
210,2025,6.439170063
211,2025,119.1027519
212,2025,0
213,2025,0.974905453
214,2025,0.974905454
215,2025,2.184158137
216,2025,5.605305572
217,2025,5.605305572
218,2025,5.605305572
219,2025,12.18159583
220,2025,12.18159583
221,2025,12.18159583
222,2025,12.18159583
223,2025,0
224,2025,0
225,2025,2.184158137
226,2025,2.184158138
227,2025,0
228,2025,2.184158136
229,2025,5.605305571
230,2025,5.605305572
231,2025,0
232,2025,0.130412651
233,2025,25.02351503
234,2025,0.621486494
235,2025,0.621486495
236,2025,0
237,2025,0
238,2025,0.621486495
239,2025,0
240,2025,0
241,2025,0
242,2025,3.854271234
243,2025,0.062554398
244,2025,0.062554398
245,2025,0.062554398
246,2025,0
247,2025,0
248,2025,2.82930784
249,2025,0
250,2025,12.18159583
251,2025,0
252,2025,21.15128804
253,2025,21.15128804
254,2025,21.15128804
255,2025,5.106239425
256,2025,5.199632781
257,2025,16.35708833
258,2025,16.47924648
259,2025,16.47924648
260,2025,16.47924648
261,2025,13.79403699
262,2025,13.79403699
263,2025,22.33359257
264,2025,22.33359257
265,2025,16.90407458
266,2025,16.47924647
267,2025,18.06065766
268,2025,18.19301805
269,2025,100.897993
270,2025,23.57973627
271,2025,100.8979931
272,2025,37.59122567
273,2025,16.16178398
274,2025,16.16178398
275,2025,21.15128804
276,2025,21.15128804
277,2025,0.050331372
278,2025,18.27608837
279,2025,21.15128804
280,2025,21.15128804
281,2025,0.050331372
282,2025,0
283,2025,34.86758666
284,2025,18.27608837
285,2025,34.86758665
286,2025,15.62964272
287,2025,3.022315154
288,2025,8.570830902
289,2025,8.570830899
290,2025,4.852314567
291,2025,9.965212837
292,2025,13.38364093
293,2025,15.62964272
294,2025,8.570830902
295,2025,35.63085482
296,2025,15.62964272
297,2025,15.62964272
298,2025,12.98414847
299,2025,9.965212835
300,2025,14.44820906
301,2025,12.45487545
302,2025,18.06065766
303,2025,18.06065766
304,2025,35.57566438
305,2025,24.37341075
306,2025,18.06065765
307,2025,18.06065765
308,2025,7.476000645
309,2025,17.18150158
310,2025,17.18150157
311,2025,35.57566439
312,2025,17.18150158
313,2025,20.89504368
314,2025,23.57973626
315,2025,16.90407457
316,2025,16.14335814
317,2025,16.14335815
318,2025,16.90407458
319,2025,0.102778107
320,2025,2.27722562
321,2025,16.14335814
322,2025,16.14335814
323,2025,3.364167516
324,2025,3.364167515
325,2025,0
326,2025,15.62964273
327,2025,3.731616781
328,2025,13.38364093
329,2025,13.38364092
330,2025,13.38364093
331,2025,3.731616781
332,2025,3.73161678
333,2025,35.38316369
334,2025,49.85889113
335,2025,7.091592902
336,2025,6.388326472
337,2025,35.38316368
338,2025,3.73161678
339,2025,32.64123552
340,2025,3.73161678
341,2025,6.388326473
342,2025,6.388326472
343,2025,0.138536052
344,2025,4.987711752
345,2025,4.987711757
346,2025,4.987711756
347,2025,0.055659574
348,2025,70.30039719
349,2025,8.320481273
350,2025,70.30039719
351,2025,70.30039719
352,2025,70.3003972
353,2025,0.098089476
354,2025,0.25658896
355,2025,0.038934265
356,2025,0.05350301
357,2025,0.188051806
358,2025,0.05350301
359,2025,0.05350301
360,2025,4.228118088
361,2025,7.216140784
362,2025,7.216140792
363,2025,4.228118086
364,2025,9.816230141
365,2025,0
366,2025,0.561216013
367,2025,19.43416597
368,2025,16.57191692
369,2025,0.288182668
370,2025,0.288182668
371,2025,9.816230143
372,2025,9.816230142
373,2025,0.442791348
374,2025,0
375,2025,9.855672884
376,2025,9.85567288
377,2025,18.11680979
378,2025,9.85567288
379,2025,0
380,2025,4.050778864
381,2025,32.75332161
382,2025,22.09524309
383,2025,7.593417727
384,2025,7.59341773
385,2025,17.73582744
386,2025,7.618080089
387,2025,40.92646171
388,2025,40.92646172
389,2025,7.618080088
390,2025,36.8079585
391,2025,36.80795851
392,2025,36.80795849
393,2025,8.744887988
394,2025,8.744887985
395,2025,6.273698032
396,2025,6.273698034
397,2025,8.744887989
398,2025,15.43618593
399,2025,19.55038632
400,2025,13.19424443
401,2025,6.988292275
402,2025,29.79348686
403,2025,8.357367599
404,2025,4.586110496
405,2025,23.97650093
406,2025,9.488625335
407,2025,9.950861342
408,2025,9.950861347
409,2025,10.98065009
410,2025,15.43618593
411,2025,17.22977846
412,2025,6.273698033
413,2025,6.273698032
414,2025,6.273698032
415,2025,0
416,2025,13.54179206
417,2025,13.54179206
418,2025,0
419,2025,11.72456254
420,2025,0
421,2025,25.2676066
422,2025,26.11694535
423,2025,40.09019627
424,2025,16.68116753
425,2025,32.7533216
426,2025,29.43556376
427,2025,20.15189626
428,2025,40.09019626
429,2025,15.52948845
430,2025,29.075176
431,2025,15.52948845
432,2025,40.09019626
433,2025,19.72270822
434,2025,7.593417727
435,2025,32.75332161
436,2025,15.52948846
437,2025,7.593417723
438,2025,7.593417728
439,2025,21.88711643
440,2025,30.98317411
441,2025,21.88711643
442,2025,58.7686884
443,2025,17.73582745
444,2025,18.11680978
445,2025,13.54179206
446,2025,13.54179206
447,2025,17.22977846
448,2025,35.16772736
449,2025,23.97650093
450,2025,22.35582961
451,2025,22.35582961
452,2025,23.27963958
453,2025,35.16772735
454,2025,11.72456254
455,2025,13.54179207
456,2025,11.72456254
457,2025,11.72456254
458,2025,25.2676066
459,2025,25.26760659
1,2030,119.8285189
2,2030,64.00482371
3,2030,46.22865913
4,2030,76.51943067
5,2030,136.9802841
6,2030,42.98763338
7,2030,41.14472876
8,2030,41.14472877
9,2030,19.26010853
10,2030,41.14472877
11,2030,68.69320533
12,2030,68.69320533
13,2030,117.2172443
14,2030,68.69320533
15,2030,117.2172443
16,2030,46.22865912
17,2030,119.828519
18,2030,119.8285188
19,2030,119.8285189
20,2030,116.4952386
21,2030,119.8285189
22,2030,93.08124631
23,2030,117.2172443
24,2030,117.2172443
25,2030,25.58883833
26,2030,25.58883833
27,2030,87.37561542
28,2030,56.48115646
29,2030,26.19762004
30,2030,53.46909767
31,2030,93.08124634
32,2030,93.08124633
33,2030,116.4952386
34,2030,119.828519
35,2030,121.5848056
36,2030,121.5848056
37,2030,172.893998
38,2030,183.779567
39,2030,172.8939979
40,2030,127.435953
41,2030,53.46909766
42,2030,127.435953
43,2030,53.46909766
44,2030,107.8355177
45,2030,53.46909768
46,2030,111.3643831
47,2030,28.28144842
48,2030,28.28144842
49,2030,201.6302359
50,2030,180.0360795
51,2030,172.893998
52,2030,107.2412977
53,2030,172.893998
54,2030,192.7584451
55,2030,101.8900773
56,2030,192.7584452
57,2030,101.8900773
58,2030,107.2412977
59,2030,107.2412976
60,2030,205.2346516
61,2030,192.7584451
62,2030,192.7584452
63,2030,111.5170785
64,2030,111.5170785
65,2030,81.06939908
66,2030,119.3650849
67,2030,119.3650849
68,2030,211.7730881
69,2030,211.7730881
70,2030,82.69776829
71,2030,82.69776831
72,2030,75.13533066
73,2030,0.496611109
74,2030,122.7403187
75,2030,85.78729685
76,2030,46.57765627
77,2030,85.78729686
78,2030,85.78729681
79,2030,85.78729687
80,2030,336.7714211
81,2030,336.7714211
82,2030,198.0866844
83,2030,198.0866845
84,2030,198.0866844
85,2030,119.8285189
86,2030,13.8592651
87,2030,207.7166556
88,2030,23.78339525
89,2030,26.59980714
90,2030,23.78339523
91,2030,26.59980713
92,2030,207.7166556
93,2030,86.24500013
94,2030,86.24500015
95,2030,86.24500015
96,2030,50.65591317
97,2030,50.65591318
98,2030,50.65591318
99,2030,50.65591319
100,2030,22.40724707
101,2030,22.40724706
102,2030,4.591647969
103,2030,22.40724706
104,2030,2.909910765
105,2030,18.00216055
106,2030,0.736917787
107,2030,22.93071695
108,2030,18.68683198
109,2030,11.54883108
110,2030,120.0625516
111,2030,120.0625516
112,2030,111.3643831
113,2030,11.16757647
114,2030,26.19762004
115,2030,19.92451066
116,2030,19.78385144
117,2030,30.65046646
118,2030,26.19762004
119,2030,22.110464
120,2030,20.07918453
121,2030,19.26010853
122,2030,22.110464
123,2030,20.07918453
124,2030,61.8749907
125,2030,41.14472876
126,2030,41.14472877
127,2030,76.51943067
128,2030,6.342657738
129,2030,6.342657738
130,2030,20.07918453
131,2030,16.80462753
132,2030,5.812194369
133,2030,20.07918453
134,2030,25.13983125
135,2030,23.84414686
136,2030,30.65046646
137,2030,30.65046645
138,2030,5.459193177
139,2030,19.92451066
140,2030,3.64274333
141,2030,3.642743329
142,2030,3.64274333
143,2030,23.84414687
144,2030,20.13797886
145,2030,20.96012084
146,2030,20.96012084
147,2030,20.96012085
148,2030,20.96012085
149,2030,0.377646257
150,2030,22.60769309
151,2030,17.33954691
152,2030,60.67833488
153,2030,0.377646257
154,2030,22.6076931
155,2030,22.6076931
156,2030,0
157,2030,11.54883108
158,2030,35.96834922
159,2030,28.20681774
160,2030,2.954928431
161,2030,35.96834921
162,2030,1.066613209
163,2030,40.1825271
164,2030,18.6973674
165,2030,18.69736741
166,2030,18.6973674
167,2030,40.18252709
168,2030,18.6973674
169,2030,17.84526929
170,2030,119.8285189
171,2030,119.3650849
172,2030,75.1194814
173,2030,75.1194814
174,2030,16.65071094
175,2030,8.63057923
176,2030,15.03774176
177,2030,16.65071094
178,2030,7.274347081
179,2030,7.274347078
180,2030,0
181,2030,12.70557093
182,2030,12.70557093
183,2030,6.423864975
184,2030,1.38909101
185,2030,0
186,2030,4.876688217
187,2030,15.02341443
188,2030,15.02341443
189,2030,4.876688219
190,2030,36.52074677
191,2030,29.79087399
192,2030,6.051387731
193,2030,6.051387735
194,2030,35.84627963
195,2030,4.876688218
196,2030,117.317602
197,2030,3.036459422
198,2030,3.94953145
199,2030,117.317602
200,2030,3.036459422
201,2030,3.036459422
202,2030,24.64845465
203,2030,13.39296431
204,2030,2.346161477
205,2030,24.64845464
206,2030,1.360844974
207,2030,6.342657738
208,2030,6.342657737
209,2030,13.39296431
210,2030,6.342657738
211,2030,117.317602
212,2030,0
213,2030,0.960293261
214,2030,0.960293261
215,2030,2.151421282
216,2030,5.521291472
217,2030,5.521291472
218,2030,5.52129147
219,2030,11.9990142
220,2030,11.9990142
221,2030,11.9990142
222,2030,11.9990142
223,2030,0
224,2030,0
225,2030,2.151421281
226,2030,2.151421282
227,2030,0
228,2030,2.151421282
229,2030,5.521291472
230,2030,5.521291473
231,2030,0
232,2030,0.128457985
233,2030,24.64845463
234,2030,0.612171457
235,2030,0.612171458
236,2030,0
237,2030,0
238,2030,0.612171458
239,2030,0
240,2030,0
241,2030,0
242,2030,3.796502192
243,2030,0.061616813
244,2030,0.061616813
245,2030,0.061616813
246,2030,0
247,2030,0
248,2030,2.786901277
249,2030,0
250,2030,11.9990142
251,2030,0
252,2030,20.83426582
253,2030,20.83426582
254,2030,20.83426581
255,2030,5.029705488
256,2030,5.121699034
257,2030,16.11192309
258,2030,16.2322503
259,2030,16.23225031
260,2030,16.2322503
261,2030,13.58728759
262,2030,13.58728759
263,2030,21.9988496
264,2030,21.99884959
265,2030,16.65071094
266,2030,16.2322503
267,2030,17.78995879
268,2030,17.92033532
269,2030,99.38570187
270,2030,23.22631568
271,2030,99.38570188
272,2030,37.02779645
273,2030,15.91954603
274,2030,15.91954604
275,2030,20.83426582
276,2030,20.83426582
277,2030,0.04957699
278,2030,18.00216055
279,2030,20.83426582
280,2030,20.83426581
281,2030,0.04957699
282,2030,0
283,2030,34.34498021
284,2030,18.00216056
285,2030,34.34498019
286,2030,15.39538068
287,2030,2.977015735
288,2030,8.442368566
289,2030,8.442368563
290,2030,4.779586536
291,2030,9.815851065
292,2030,13.18304267
293,2030,15.39538068
294,2030,8.442368565
295,2030,35.09680825
296,2030,15.39538067
297,2030,15.39538068
298,2030,12.78953793
299,2030,9.815851067
300,2030,14.23165471
301,2030,12.26819782
302,2030,17.78995878
303,2030,17.78995879
304,2030,35.04244503
305,2030,24.00809432
306,2030,17.78995878
307,2030,17.78995878
308,2030,7.363947973
309,2030,16.92397977
310,2030,16.92397978
311,2030,35.04244503
312,2030,16.92397978
313,2030,20.58186212
314,2030,23.22631568
315,2030,16.65071094
316,2030,15.90139637
317,2030,15.90139637
318,2030,16.65071094
319,2030,0.101237636
320,2030,2.243093839
321,2030,15.90139636
322,2030,15.90139637
323,2030,3.313744305
324,2030,3.313744304
325,2030,0
326,2030,15.39538068
327,2030,3.675686123
328,2030,13.18304266
329,2030,13.18304266
330,2030,13.18304266
331,2030,3.675686123
332,2030,3.675686124
333,2030,34.85282957
334,2030,49.11159024
335,2030,6.985301856
336,2030,6.292576206
337,2030,34.85282958
338,2030,3.675686124
339,2030,32.15199833
340,2030,3.675686121
341,2030,6.292576207
342,2030,6.292576207
343,2030,0.136459629
344,2030,4.912954344
345,2030,4.912954348
346,2030,4.912954348
347,2030,0.054825331
348,2030,69.24671251
349,2030,8.195771258
350,2030,69.24671252
351,2030,69.24671253
352,2030,69.24671253
353,2030,0.09661928
354,2030,0.252743122
355,2030,0.038350706
356,2030,0.05270109
357,2030,0.185233226
358,2030,0.05270109
359,2030,0.05270109
360,2030,4.164745709
361,2030,7.107982979
362,2030,7.10798298
363,2030,4.164745709
364,2030,9.669101369
365,2030,0
366,2030,0.552804329
367,2030,19.14288052
368,2030,16.32353177
369,2030,0.283863295
370,2030,0.283863295
371,2030,9.66910137
372,2030,9.669101367
373,2030,0.43615465
374,2030,0
375,2030,9.707952929
376,2030,9.707952928
377,2030,17.84526929
378,2030,9.707952925
379,2030,0
380,2030,3.990064504
381,2030,32.26240442
382,2030,21.76407258
383,2030,7.479605171
384,2030,7.479605174
385,2030,17.46999723
386,2030,7.503897889
387,2030,40.31304291
388,2030,40.31304292
389,2030,7.503897884
390,2030,36.25626915
391,2030,36.25626913
392,2030,36.25626913
393,2030,8.613816826
394,2030,8.613816826
395,2030,6.179665855
396,2030,6.179665857
397,2030,8.61381683
398,2030,15.20482347
399,2030,19.25735892
400,2030,12.9964849
401,2030,6.883549531
402,2030,29.34693263
403,2030,8.232104719
404,2030,4.517372415
405,2030,23.61713352
406,2030,9.346406806
407,2030,9.801714673
408,2030,9.801714676
409,2030,10.81606861
410,2030,15.20482347
411,2030,16.97153307
412,2030,6.179665855
413,2030,6.179665854
414,2030,6.179665856
415,2030,0
416,2030,13.33882338
417,2030,13.33882338
418,2030,0
419,2030,11.54883108
420,2030,0
421,2030,24.88888769
422,2030,25.72549628
423,2030,39.48931168
424,2030,16.4311449
425,2030,32.26240443
426,2030,28.99437418
427,2030,19.84985324
428,2030,39.48931166
429,2030,15.29672754
430,2030,28.63938803
431,2030,15.29672755
432,2030,39.48931166
433,2030,19.42709801
434,2030,7.479605171
435,2030,32.26240442
436,2030,15.29672755
437,2030,7.479605168
438,2030,7.479605172
439,2030,21.55906538
440,2030,30.51878845
441,2030,21.55906538
442,2030,57.88784464
443,2030,17.46999723
444,2030,17.84526929
445,2030,13.33882338
446,2030,13.33882339
447,2030,16.97153307
448,2030,34.64062229
449,2030,23.61713352
450,2030,22.02075334
451,2030,22.02075335
452,2030,22.93071695
453,2030,34.64062229
454,2030,11.54883108
455,2030,13.33882339
456,2030,11.54883107
457,2030,11.54883107
458,2030,24.88888768
459,2030,24.88888769
1,2035,118.0590129
2,2035,63.05966541
3,2035,45.54600119
4,2035,75.38946936
5,2035,134.9574982
6,2035,42.35283563
7,2035,40.53714516
8,2035,40.53714516
9,2035,18.97569479
10,2035,40.53714516
11,2035,67.67881378
12,2035,67.67881378
13,2035,115.486299
14,2035,67.67881378
15,2035,115.486299
16,2035,45.54600119
17,2035,118.0590129
18,2035,118.0590129
19,2035,118.0590129
20,2035,114.7749551
21,2035,118.0590129
22,2035,91.70671693
23,2035,115.486299
24,2035,115.486299
25,2035,25.21096833
26,2035,25.21096833
27,2035,86.08534101
28,2035,55.64710006
29,2035,25.81076018
30,2035,52.67952029
31,2035,91.70671694
32,2035,91.70671693
33,2035,114.7749551
34,2035,118.059013
35,2035,119.7893646
36,2035,119.7893646
37,2035,170.3408749
38,2035,181.0656969
39,2035,170.3408749
40,2035,125.5541082
41,2035,52.6795203
42,2035,125.5541082
43,2035,52.6795203
44,2035,106.2431122
45,2035,52.67952029
46,2035,109.7198668
47,2035,27.86381668
48,2035,27.86381668
49,2035,198.6527651
50,2035,177.3774894
51,2035,170.3408749
52,2035,105.657667
53,2035,170.3408748
54,2035,189.911984
55,2035,100.3854681
56,2035,189.911984
57,2035,100.385468
58,2035,105.657667
59,2035,105.657667
60,2035,202.2039545
61,2035,189.911984
62,2035,189.911984
63,2035,109.8703074
64,2035,109.8703074
65,2035,79.87224844
66,2035,117.6024225
67,2035,117.6024225
68,2035,208.645838
69,2035,208.645838
70,2035,81.47657157
71,2035,81.47657157
72,2035,74.02580834
73,2035,0.48927766
74,2035,120.9278143
75,2035,84.5204771
76,2035,45.8898447
77,2035,84.52047709
78,2035,84.52047708
79,2035,84.5204771
80,2035,331.7983225
81,2035,331.7983224
82,2035,195.1615413
83,2035,195.1615412
84,2035,195.1615413
85,2035,118.059013
86,2035,13.65460553
87,2035,204.6493068
88,2035,23.43218619
89,2035,26.20700818
90,2035,23.43218619
91,2035,26.20700817
92,2035,204.6493068
93,2035,84.97142149
94,2035,84.97142148
95,2035,84.97142148
96,2035,49.90787804
97,2035,49.90787806
98,2035,49.90787806
99,2035,49.90787805
100,2035,22.07635958
101,2035,22.07635957
102,2035,4.52384317
103,2035,22.07635958
104,2035,2.866940156
105,2035,17.73632292
106,2035,0.726035733
107,2035,22.59209939
108,2035,18.41088381
109,2035,11.37828966
110,2035,118.2895897
111,2035,118.2895897
112,2035,109.7198669
113,2035,11.00266503
114,2035,25.81076018
115,2035,19.63028571
116,2035,19.49170359
117,2035,30.19785147
118,2035,25.81076018
119,2035,21.7839591
120,2035,19.7826755
121,2035,18.97569479
122,2035,21.7839591
123,2035,19.78267551
124,2035,60.96128364
125,2035,40.53714516
126,2035,40.53714516
127,2035,75.38946936
128,2035,6.248995805
129,2035,6.248995804
130,2035,19.7826755
131,2035,16.55647385
132,2035,5.726365781
133,2035,19.78267551
134,2035,24.76859173
135,2035,23.4920407
136,2035,30.19785147
137,2035,30.19785146
138,2035,5.378577352
139,2035,19.63028571
140,2035,3.588950993
141,2035,3.588950994
142,2035,3.588950993
143,2035,23.4920407
144,2035,19.84060163
145,2035,20.65060304
146,2035,20.65060305
147,2035,20.65060305
148,2035,20.65060305
149,2035,0.37206956
150,2035,22.27384562
151,2035,17.08349407
152,2035,59.7822988
153,2035,0.37206956
154,2035,22.27384562
155,2035,22.27384562
156,2035,0
157,2035,11.37828966
158,2035,35.43720514
159,2035,27.79028808
160,2035,2.911293045
161,2035,35.43720513
162,2035,1.050862547
163,2035,39.58915232
164,2035,18.42126365
165,2035,18.42126365
166,2035,18.42126365
167,2035,39.5891523
168,2035,18.42126365
169,2035,17.58174846
170,2035,118.059013
171,2035,117.6024225
172,2035,74.01019312
173,2035,74.01019313
174,2035,16.40483013
175,2035,8.503131597
176,2035,14.81567964
177,2035,16.40483013
178,2035,7.166926905
179,2035,7.166926898
180,2035,0
181,2035,12.51794795
182,2035,12.51794796
183,2035,6.329003852
184,2035,1.368578323
185,2035,0
186,2035,4.804674235
187,2035,14.80156389
188,2035,14.80156389
189,2035,4.804674236
190,2035,35.98144543
191,2035,29.35095261
192,2035,5.962026982
193,2035,5.96202698
194,2035,35.31693814
195,2035,4.804674238
196,2035,115.5851747
197,2035,2.991620071
198,2035,3.891208778
199,2035,115.5851747
200,2035,2.991620071
201,2035,2.991620071
202,2035,24.28447128
203,2035,13.1951906
204,2035,2.311515745
205,2035,24.28447127
206,2035,1.340749397
207,2035,6.248995805
208,2035,6.248995805
209,2035,13.1951906
210,2035,6.248995805
211,2035,115.5851747
212,2035,0
213,2035,0.946112624
214,2035,0.946112625
215,2035,2.119651275
216,2035,5.439758642
217,2035,5.439758643
218,2035,5.439758642
219,2035,11.82182494
220,2035,11.82182494
221,2035,11.82182494
222,2035,11.82182494
223,2035,0
224,2035,0
225,2035,2.119651275
226,2035,2.119651276
227,2035,0
228,2035,2.119651275
229,2035,5.439758642
230,2035,5.439758641
231,2035,0
232,2035,0.126561048
233,2035,24.28447127
234,2035,0.603131531
235,2035,0.603131531
236,2035,0
237,2035,0
238,2035,0.603131531
239,2035,0
240,2035,0
241,2035,0
242,2035,3.7404393
243,2035,0.060706918
244,2035,0.060706918
245,2035,0.060706918
246,2035,0
247,2035,0
248,2035,2.745747146
249,2035,0
250,2035,11.82182493
251,2035,0
252,2035,20.52660652
253,2035,20.52660652
254,2035,20.52660652
255,2035,4.955431901
256,2035,5.046066979
257,2035,15.87399855
258,2035,15.9925489
259,2035,15.9925489
260,2035,15.99254889
261,2035,13.38664431
262,2035,13.38664431
263,2035,21.67399291
264,2035,21.6739929
265,2035,16.40483013
266,2035,15.9925489
267,2035,17.52725473
268,2035,17.65570599
269,2035,97.91807464
270,2035,22.88333301
271,2035,97.91807469
272,2035,36.48100752
273,2035,15.68446233
274,2035,15.68446233
275,2035,20.52660652
276,2035,20.52660652
277,2035,0.048844887
278,2035,17.73632291
279,2035,20.52660651
280,2035,20.52660651
281,2035,0.048844887
282,2035,0
283,2035,33.83780839
284,2035,17.73632291
285,2035,33.83780838
286,2035,15.16803732
287,2035,2.933054188
288,2035,8.317700234
289,2035,8.31770023
290,2035,4.709006453
291,2035,9.67090054
292,2035,12.98836887
293,2035,15.16803732
294,2035,8.31770023
295,2035,34.5785342
296,2035,15.16803731
297,2035,15.16803731
298,2035,12.60067501
299,2035,9.670900535
300,2035,14.02149608
301,2035,12.08703353
302,2035,17.52725473
303,2035,17.52725472
304,2035,34.52497375
305,2035,23.65356716
306,2035,17.52725472
307,2035,17.52725472
308,2035,7.255204661
309,2035,16.67406361
310,2035,16.67406362
311,2035,34.52497376
312,2035,16.67406362
313,2035,20.27793007
314,2035,22.88333302
315,2035,16.40483013
316,2035,15.66658068
317,2035,15.66658069
318,2035,16.40483013
319,2035,0.099742661
320,2035,2.209970105
321,2035,15.66658068
322,2035,15.66658068
323,2035,3.264810291
324,2035,3.264810291
325,2035,0
326,2035,15.16803732
327,2035,3.621407323
328,2035,12.98836887
329,2035,12.98836886
330,2035,12.98836887
331,2035,3.62140732
332,2035,3.62140732
333,2035,34.33815836
334,2035,48.38636011
335,2035,6.882150007
336,2035,6.199653825
337,2035,34.33815836
338,2035,3.62140732
339,2035,31.67721023
340,2035,3.621407319
341,2035,6.199653826
342,2035,6.199653824
343,2035,0.134444532
344,2035,4.840404818
345,2035,4.840404825
346,2035,4.840404823
347,2035,0.054015726
348,2035,68.22414733
349,2035,8.074744424
350,2035,68.22414733
351,2035,68.22414733
352,2035,68.22414736
353,2035,0.095192504
354,2035,0.249010869
355,2035,0.037784381
356,2035,0.051922854
357,2035,0.18249789
358,2035,0.051922854
359,2035,0.051922854
360,2035,4.103244971
361,2035,7.003019496
362,2035,7.003019498
363,2035,4.10324497
364,2035,9.52631789
365,2035,0
366,2035,0.544641076
367,2035,18.86019788
368,2035,16.08248242
369,2035,0.279671489
370,2035,0.27967149
371,2035,9.52631789
372,2035,9.526317889
373,2035,0.429713961
374,2035,0
375,2035,9.564595731
376,2035,9.564595729
377,2035,17.58174846
378,2035,9.564595726
379,2035,0
380,2035,3.93114328
381,2035,31.78598597
382,2035,21.44268284
383,2035,7.369153951
384,2035,7.369153955
385,2035,17.21201804
386,2035,7.393087938
387,2035,39.7177408
388,2035,39.71774081
389,2035,7.393087934
390,2035,35.72087334
391,2035,35.72087334
392,2035,35.72087334
393,2035,8.486616722
394,2035,8.48661672
395,2035,6.088410821
396,2035,6.088410818
397,2035,8.486616724
398,2035,14.98029407
399,2035,18.97298579
400,2035,12.804566
401,2035,6.781900255
402,2035,28.91356691
403,2035,8.110541349
404,2035,4.450664443
405,2035,23.26837966
406,2035,9.208388554
407,2035,9.656972896
408,2035,9.656972898
409,2035,10.65634789
410,2035,14.98029407
411,2035,16.72091469
412,2035,6.088410819
413,2035,6.08841082
414,2035,6.08841082
415,2035,0
416,2035,13.14184917
417,2035,13.14184917
418,2035,0
419,2035,11.37828966
420,2035,0
421,2035,24.52135385
422,2035,25.34560825
423,2035,38.90617359
424,2035,16.18850642
425,2035,31.78598597
426,2035,28.56621468
427,2035,19.55673076
428,2035,38.90617359
429,2035,15.070841
430,2035,28.21647061
431,2035,15.07084099
432,2035,38.90617357
433,2035,19.14021834
434,2035,7.369153952
435,2035,31.78598597
436,2035,15.070841
437,2035,7.369153948
438,2035,7.369153952
439,2035,21.24070297
440,2035,30.06811796
441,2035,21.24070297
442,2035,57.03301569
443,2035,17.21201804
444,2035,17.58174846
445,2035,13.14184917
446,2035,13.14184918
447,2035,16.72091469
448,2035,34.12908475
449,2035,23.26837964
450,2035,21.6955732
451,2035,21.6955732
452,2035,22.59209939
453,2035,34.12908473
454,2035,11.37828966
455,2035,13.14184917
456,2035,11.37828966
457,2035,11.37828965
458,2035,24.52135384
459,2035,24.52135384
1,2040,116.341007
2,2040,62.14201519
3,2040,44.8832115
4,2040,74.29239467
5,2040,132.9935839
6,2040,41.73651316
7,2040,39.94724479
8,2040,39.94724479
9,2040,18.69955868
10,2040,39.94724478
11,2040,66.69394528
12,2040,66.69394527
13,2040,113.8057314
14,2040,66.69394528
15,2040,113.8057314
16,2040,44.88321146
17,2040,116.341007
18,2040,116.3410069
19,2040,116.341007
20,2040,113.1047391
21,2040,116.341007
22,2040,90.37219211
23,2040,113.8057314
24,2040,113.8057314
25,2040,24.84409593
26,2040,24.84409593
27,2040,84.83261896
28,2040,54.83731818
29,2040,25.43515955
30,2040,51.91292291
31,2040,90.37219211
32,2040,90.37219214
33,2040,113.1047391
34,2040,116.3410071
35,2040,118.0461784
36,2040,118.0461784
37,2040,167.8620584
38,2040,178.4308117
39,2040,167.8620583
40,2040,123.7270329
41,2040,51.91292291
42,2040,123.7270329
43,2040,51.9129229
44,2040,104.6970524
45,2040,51.91292292
46,2040,108.123213
47,2040,27.45833978
48,2040,27.45833978
49,2040,195.7619513
50,2040,174.7962753
51,2040,167.8620583
52,2040,104.1201266
53,2040,167.8620583
54,2040,187.1483668
55,2040,98.92464924
56,2040,187.1483669
57,2040,98.92464919
58,2040,104.1201266
59,2040,104.1201266
60,2040,199.2614634
61,2040,187.1483669
62,2040,187.1483669
63,2040,108.2714643
64,2040,108.2714643
65,2040,78.70993989
66,2040,115.8910609
67,2040,115.8910609
68,2040,205.609604
69,2040,205.609604
70,2040,80.29091678
71,2040,80.29091679
72,2040,72.94857776
73,2040,0.482157645
74,2040,119.1680613
75,2040,83.2905271
76,2040,45.22205134
77,2040,83.29052709
78,2040,83.2905271
79,2040,83.29052715
80,2040,326.9699617
81,2040,326.9699619
82,2040,192.321532
83,2040,192.321532
84,2040,192.3215319
85,2040,116.341007
86,2040,13.45590242
87,2040,201.6712307
88,2040,23.0911988
89,2040,25.82564131
90,2040,23.09119879
91,2040,25.82564131
92,2040,201.6712307
93,2040,83.73490934
94,2040,83.73490933
95,2040,83.73490932
96,2040,49.18161387
97,2040,49.18161389
98,2040,49.18161389
99,2040,49.18161389
100,2040,21.7551023
101,2040,21.7551023
102,2040,4.458011776
103,2040,21.7551023
104,2040,2.825220171
105,2040,17.47822226
106,2040,0.715470392
107,2040,22.26333702
108,2040,18.14296688
109,2040,11.21271171
110,2040,116.5682283
111,2040,116.5682283
112,2040,108.123213
113,2040,10.84255321
114,2040,25.43515954
115,2040,19.34462393
116,2040,19.20805848
117,2040,29.75840947
118,2040,25.43515955
119,2040,21.46695687
120,2040,19.49479613
121,2040,18.69955868
122,2040,21.46695686
123,2040,19.49479614
124,2040,60.07416928
125,2040,39.94724479
126,2040,39.94724479
127,2040,74.29239465
128,2040,6.158059825
129,2040,6.158059825
130,2040,19.49479614
131,2040,16.31554247
132,2040,5.643035164
133,2040,19.49479614
134,2040,24.40815684
135,2040,23.1501823
136,2040,29.75840949
137,2040,29.75840947
138,2040,5.300307786
139,2040,19.34462392
140,2040,3.536724239
141,2040,3.536724238
142,2040,3.536724238
143,2040,23.1501823
144,2040,19.55187931
145,2040,20.35009351
146,2040,20.35009351
147,2040,20.35009351
148,2040,20.35009352
149,2040,0.366655169
150,2040,21.9497145
151,2040,16.83489344
152,2040,58.91234113
153,2040,0.366655169
154,2040,21.94971452
155,2040,21.94971451
156,2040,0
157,2040,11.21271171
158,2040,34.92151958
159,2040,27.38588118
160,2040,2.868927634
161,2040,34.92151956
162,2040,1.035570296
163,2040,39.01304722
164,2040,18.15319568
165,2040,18.15319568
166,2040,18.15319568
167,2040,39.01304723
168,2040,18.15319568
169,2040,17.32589719
170,2040,116.341007
171,2040,115.8910609
172,2040,72.93318978
173,2040,72.93318978
174,2040,16.16610549
175,2040,8.379393218
176,2040,14.60008047
177,2040,16.16610549
178,2040,7.062633107
179,2040,7.062633101
180,2040,0
181,2040,12.33578559
182,2040,12.33578559
183,2040,6.236903592
184,2040,1.348662642
185,2040,0
186,2040,4.734756161
187,2040,14.58617013
188,2040,14.58617013
189,2040,4.734756162
190,2040,35.45784004
191,2040,28.92383476
192,2040,5.875267
193,2040,5.875267
194,2040,34.80300271
195,2040,4.734756163
196,2040,113.9031683
197,2040,2.948085732
198,2040,3.834583538
199,2040,113.9031683
200,2040,2.948085732
201,2040,2.948085732
202,2040,23.93108135
203,2040,13.00317293
204,2040,2.277878348
205,2040,23.93108134
206,2040,1.321238685
207,2040,6.158059826
208,2040,6.158059822
209,2040,13.00317294
210,2040,6.158059825
211,2040,113.9031683
212,2040,0
213,2040,0.932344704
214,2040,0.932344704
215,2040,2.08880591
216,2040,5.360598759
217,2040,5.360598759
218,2040,5.360598757
219,2040,11.64979262
220,2040,11.64979262
221,2040,11.64979262
222,2040,11.64979262
223,2040,0
224,2040,0
225,2040,2.088805909
226,2040,2.08880591
227,2040,0
228,2040,2.088805909
229,2040,5.360598759
230,2040,5.360598759
231,2040,0
232,2040,0.124719319
233,2040,23.93108134
234,2040,0.594354703
235,2040,0.594354704
236,2040,0
237,2040,0
238,2040,0.594354704
239,2040,0
240,2040,0
241,2040,0
242,2040,3.686008073
243,2040,0.059823506
244,2040,0.059823505
245,2040,0.059823506
246,2040,0
247,2040,0
248,2040,2.705790773
249,2040,0
250,2040,11.64979262
251,2040,0
252,2040,20.2279014
253,2040,20.2279014
254,2040,20.22790139
255,2040,4.883319986
256,2040,4.972636135
257,2040,15.64299863
258,2040,15.75982381
259,2040,15.75982382
260,2040,15.75982381
261,2040,13.19184059
262,2040,13.19184059
263,2040,21.3585909
264,2040,21.3585909
265,2040,16.16610549
266,2040,15.75982381
267,2040,17.27219646
268,2040,17.39877849
269,2040,96.49316158
270,2040,22.5503326
271,2040,96.49316158
272,2040,35.95013244
273,2040,15.45622055
274,2040,15.45622055
275,2040,20.2279014
276,2040,20.2279014
277,2040,0.048134092
278,2040,17.47822226
279,2040,20.2279014
280,2040,20.2279014
281,2040,0.048134092
282,2040,0
283,2040,33.34539739
284,2040,17.47822226
285,2040,33.34539739
286,2040,14.9473106
287,2040,2.890372106
288,2040,8.196660273
289,2040,8.196660268
290,2040,4.640480545
291,2040,9.530168676
292,2040,12.79936089
293,2040,14.9473106
294,2040,8.196660273
295,2040,34.07534409
296,2040,14.94731059
297,2040,14.9473106
298,2040,12.41730879
299,2040,9.53016868
300,2040,13.81745394
301,2040,11.91114187
302,2040,17.27219645
303,2040,17.27219646
304,2040,34.02256307
305,2040,23.30935821
306,2040,17.27219645
307,2040,17.27219645
308,2040,7.149626236
309,2040,16.43142106
310,2040,16.43142107
311,2040,34.02256307
312,2040,16.43142106
313,2040,19.98284371
314,2040,22.55033259
315,2040,16.16610549
316,2040,15.43859911
317,2040,15.43859911
318,2040,16.16610549
319,2040,0.098291196
320,2040,2.177810412
321,2040,15.43859911
322,2040,15.43859912
323,2040,3.217300463
324,2040,3.217300462
325,2040,0
326,2040,14.9473106
327,2040,3.56870826
328,2040,12.79936089
329,2040,12.79936089
330,2040,12.79936089
331,2040,3.568708258
332,2040,3.568708258
333,2040,33.83846624
334,2040,47.68223721
335,2040,6.782000307
336,2040,6.109435875
337,2040,33.83846622
338,2040,3.568708258
339,2040,31.21624048
340,2040,3.568708258
341,2040,6.109435876
342,2040,6.109435874
343,2040,0.132488082
344,2040,4.769966792
345,2040,4.769966794
346,2040,4.769966793
347,2040,0.053229684
348,2040,67.23134307
349,2040,7.957239979
350,2040,67.2313431
351,2040,67.23134308
352,2040,67.23134311
353,2040,0.093807254
354,2040,0.245387239
355,2040,0.03723454
356,2040,0.051167268
357,2040,0.179842163
358,2040,0.051167268
359,2040,0.051167268
360,2040,4.043534163
361,2040,6.90111089
362,2040,6.901110893
363,2040,4.043534161
364,2040,9.387690008
365,2040,0
366,2040,0.536715407
367,2040,18.5857425
368,2040,15.8484486
369,2040,0.275601683
370,2040,0.275601683
371,2040,9.387690012
372,2040,9.38769001
373,2040,0.423460723
374,2040,0
375,2040,9.425410828
376,2040,9.425410826
377,2040,17.32589719
378,2040,9.425410823
379,2040,0
380,2040,3.87393691
381,2040,31.32343329
382,2040,21.13064688
383,2040,7.261917325
384,2040,7.261917329
385,2040,16.96154712
386,2040,7.285503022
387,2040,39.13976447
388,2040,39.13976448
389,2040,7.285503024
390,2040,35.20105983
391,2040,35.2010598
392,2040,35.2010598
393,2040,8.363118673
394,2040,8.363118669
395,2040,5.999811688
396,2040,5.999811689
397,2040,8.363118673
398,2040,14.76229941
399,2040,18.6968891
400,2040,12.61823274
401,2040,6.6832094
402,2040,28.49281394
403,2040,7.992515984
404,2040,4.385897952
405,2040,22.929776
406,2040,9.074387212
407,2040,9.516443712
408,2040,9.516443713
409,2040,10.50127571
410,2040,14.76229941
411,2040,16.47759035
412,2040,5.999811689
413,2040,5.999811689
414,2040,5.999811689
415,2040,0
416,2040,12.95060774
417,2040,12.95060774
418,2040,0
419,2040,11.21271171
420,2040,0
421,2040,24.16451678
422,2040,24.97677656
423,2040,38.34000726
424,2040,15.95292974
425,2040,31.3234333
426,2040,28.15051642
427,2040,19.27213936
428,2040,38.34000726
429,2040,14.85152869
430,2040,27.80586186
431,2040,14.85152869
432,2040,38.34000725
433,2040,18.86168806
434,2040,7.261917325
435,2040,31.32343329
436,2040,14.85152869
437,2040,7.261917322
438,2040,7.261917326
439,2040,20.93160625
440,2040,29.63056385
441,2040,20.93160626
442,2040,56.20306585
443,2040,16.96154712
444,2040,17.32589719
445,2040,12.95060773
446,2040,12.95060774
447,2040,16.47759035
448,2040,33.63243507
449,2040,22.92977598
450,2040,21.37985716
451,2040,21.37985716
452,2040,22.26333702
453,2040,33.63243505
454,2040,11.21271171
455,2040,12.95060774
456,2040,11.2127117
457,2040,11.21271171
458,2040,24.16451678
459,2040,24.16451678
1,2045,114.6722851
2,2045,61.25068935
3,2045,44.23943504
4,2045,73.22679143
5,2045,131.086008
6,2045,41.13787096
7,2045,39.37426672
8,2045,39.37426673
9,2045,18.43134402
10,2045,39.37426673
11,2045,65.73732943
12,2045,65.73732943
13,2045,112.1733739
14,2045,65.73732943
15,2045,112.1733739
16,2045,44.23943501
17,2045,114.672285
18,2045,114.672285
19,2045,114.672285
20,2045,111.4824362
21,2045,114.6722851
22,2045,89.0759504
23,2045,112.1733739
24,2045,112.1733739
25,2045,24.48774791
26,2045,24.48774791
27,2045,83.61583342
28,2045,54.05076631
29,2045,25.07033368
30,2045,51.16831672
31,2045,89.07595044
32,2045,89.07595048
33,2045,111.4824362
34,2045,114.6722851
35,2045,116.3529986
36,2045,116.3529986
37,2045,165.454351
38,2045,175.8715127
39,2045,165.4543509
40,2045,121.9523704
41,2045,51.16831674
42,2045,121.9523705
43,2045,51.16831672
44,2045,103.195344
45,2045,51.16831672
46,2045,106.5723619
47,2045,27.06449469
48,2045,27.06449469
49,2045,192.9540655
50,2045,172.2891079
51,2045,165.4543509
52,2045,102.6266932
53,2045,165.454351
54,2045,184.4640288
55,2045,97.50573653
56,2045,184.4640288
57,2045,97.50573648
58,2045,102.6266933
59,2045,102.6266932
60,2045,196.4033828
61,2045,184.4640289
62,2045,184.4640288
63,2045,106.7184868
64,2045,106.7184868
65,2045,77.58097426
66,2045,114.2287927
67,2045,114.2287927
68,2045,202.6604697
69,2045,202.6604697
70,2045,79.13927456
71,2045,79.13927457
72,2045,71.90224941
73,2045,0.475241881
74,2045,117.4587898
75,2045,82.09586036
76,2045,44.57341477
77,2045,82.09586034
78,2045,82.09586038
79,2045,82.0958604
80,2045,322.280111
81,2045,322.2801111
82,2045,189.5629934
83,2045,189.5629934
84,2045,189.5629933
85,2045,114.6722851
86,2045,13.26289945
87,2045,198.7785859
88,2045,22.75999323
89,2045,25.45521461
90,2045,22.75999322
91,2045,25.45521461
92,2045,198.7785859
93,2045,82.53386862
94,2045,82.53386864
95,2045,82.53386863
96,2045,48.47618387
97,2045,48.47618387
98,2045,48.47618388
99,2045,48.47618387
100,2045,21.44306085
101,2045,21.44306085
102,2045,4.39406887
103,2045,21.44306084
104,2045,2.784696996
105,2045,17.22752568
106,2045,0.705208136
107,2045,21.94400577
108,2045,17.88273562
109,2045,11.05188365
110,2045,114.8962473
111,2045,114.8962473
112,2045,106.5723619
113,2045,10.68703447
114,2045,25.07033367
115,2045,19.06715686
116,2045,18.93255021
117,2045,29.33157364
118,2045,25.07033368
119,2045,21.15904839
120,2045,19.21517509
121,2045,18.43134402
122,2045,21.15904839
123,2045,19.21517508
124,2045,59.2125033
125,2045,39.37426673
126,2045,39.37426673
127,2045,73.22679146
128,2045,6.069732503
129,2045,6.069732503
130,2045,19.21517509
131,2045,16.08152262
132,2045,5.56209503
133,2045,19.2151751
134,2045,24.05806164
135,2045,22.81813069
136,2045,29.33157365
137,2045,29.33157363
138,2045,5.224283518
139,2045,19.06715686
140,2045,3.485995699
141,2045,3.485995697
142,2045,3.485995698
143,2045,22.8181307
144,2045,19.27143949
145,2045,20.05820461
146,2045,20.05820462
147,2045,20.05820463
148,2045,20.05820463
149,2045,0.361396098
150,2045,21.63488166
151,2045,16.59342437
152,2045,58.06733971
153,2045,0.361396098
154,2045,21.63488167
155,2045,21.63488167
156,2045,0
157,2045,11.05188365
158,2045,34.42062735
159,2045,26.99307539
160,2045,2.827777547
161,2045,34.42062734
162,2045,1.02071673
163,2045,38.4534687
164,2045,17.8928177
165,2045,17.89281771
166,2045,17.8928177
167,2045,38.4534687
168,2045,17.8928177
169,2045,17.07738546
170,2045,114.672285
171,2045,114.2287927
172,2045,71.88708216
173,2045,71.88708216
174,2045,15.93422908
175,2045,8.259204495
176,2045,14.39066613
177,2045,15.93422908
178,2045,6.961331155
179,2045,6.961331153
180,2045,0
181,2045,12.15884887
182,2045,12.15884887
183,2045,6.147445381
184,2045,1.329318276
185,2045,0
186,2045,4.666843806
187,2045,14.37695532
188,2045,14.37695531
189,2045,4.666843809
190,2045,34.94925517
191,2045,28.50896953
192,2045,5.790995879
193,2045,5.790995879
194,2045,34.30381042
195,2045,4.666843808
196,2045,112.2694132
197,2045,2.905800251
198,2045,3.779582694
199,2045,112.2694131
200,2045,2.905800251
201,2045,2.905800252
202,2045,23.58782902
203,2045,12.81666363
204,2045,2.245205901
205,2045,23.58782902
206,2045,1.302287671
207,2045,6.069732504
208,2045,6.069732502
209,2045,12.81666363
210,2045,6.069732503
211,2045,112.2694131
212,2045,0
213,2045,0.91897174
214,2045,0.91897174
215,2045,2.058845396
216,2045,5.283709715
217,2045,5.283709715
218,2045,5.283709715
219,2045,11.48269535
220,2045,11.48269535
221,2045,11.48269535
222,2045,11.48269535
223,2045,0
224,2045,0
225,2045,2.058845396
226,2045,2.058845396
227,2045,0
228,2045,2.058845395
229,2045,5.283709715
230,2045,5.283709715
231,2045,0
232,2045,0.122930424
233,2045,23.58782902
234,2045,0.585829655
235,2045,0.585829655
236,2045,0
237,2045,0
238,2045,0.585829655
239,2045,0
240,2045,0
241,2045,0
242,2045,3.6331383
243,2045,0.058965435
244,2045,0.058965435
245,2045,0.058965435
246,2045,0
247,2045,0
248,2045,2.666980618
249,2045,0
250,2045,11.48269535
251,2045,0
252,2045,19.93776515
253,2045,19.93776515
254,2045,19.93776515
255,2045,4.813276728
256,2045,4.901311781
257,2045,15.41862533
258,2045,15.53377485
259,2045,15.53377485
260,2045,15.53377485
261,2045,13.00262516
262,2045,13.00262516
263,2045,21.05223676
264,2045,21.05223676
265,2045,15.93422908
266,2045,15.53377485
267,2045,17.02445498
268,2045,17.14922139
269,2045,95.10912456
270,2045,22.22688485
271,2045,95.1091246
272,2045,35.43448644
273,2045,15.23452628
274,2045,15.23452628
275,2045,19.93776515
276,2045,19.93776515
277,2045,0.047443687
278,2045,17.22752567
279,2045,19.93776515
280,2045,19.93776515
281,2045,0.047443687
282,2045,0
283,2045,32.86711206
284,2045,17.22752567
285,2045,32.86711206
286,2045,14.73291582
287,2045,2.848914433
288,2045,8.079092552
289,2045,8.079092547
290,2045,4.573920419
291,2045,9.393473956
292,2045,12.61577494
293,2045,14.73291581
294,2045,8.079092551
295,2045,33.58658887
296,2045,14.73291581
297,2045,14.73291581
298,2045,12.23920275
299,2045,9.393473954
300,2045,13.6192651
301,2045,11.74029597
302,2045,17.02445497
303,2045,17.02445497
304,2045,33.53456491
305,2045,22.97502348
306,2045,17.02445497
307,2045,17.02445497
308,2045,7.047076511
309,2045,16.19573913
310,2045,16.19573914
311,2045,33.53456491
312,2045,16.19573913
313,2045,19.69622242
314,2045,22.22688486
315,2045,15.93422908
316,2045,15.2171576
317,2045,15.2171576
318,2045,15.93422908
319,2045,0.096881369
320,2045,2.146573273
321,2045,15.2171576
322,2045,15.2171576
323,2045,3.171153536
324,2045,3.171153535
325,2045,0
326,2045,14.73291582
327,2045,3.517520961
328,2045,12.61577494
329,2045,12.61577493
330,2045,12.61577494
331,2045,3.517520961
332,2045,3.517520959
333,2045,33.35310862
334,2045,46.9983133
335,2045,6.684723577
336,2045,6.021805983
337,2045,33.35310863
338,2045,3.517520959
339,2045,30.76849442
340,2045,3.517520958
341,2045,6.021805984
342,2045,6.021805983
343,2045,0.130587757
344,2045,4.701549399
345,2045,4.7015494
346,2045,4.701549401
347,2045,0.052466191
348,2045,66.26701913
349,2045,7.843106352
350,2045,66.26701916
351,2045,66.26701913
352,2045,66.26701917
353,2045,0.092461742
354,2045,0.241867559
355,2045,0.036700471
356,2045,0.050433357
357,2045,0.177262621
358,2045,0.050433357
359,2045,0.050433357
360,2045,3.985536259
361,2045,6.802125716
362,2045,6.802125723
363,2045,3.985536259
364,2045,9.253038912
365,2045,0
366,2045,0.5290171
367,2045,18.31916033
368,2045,15.62112846
369,2045,0.271648627
370,2045,0.271648627
371,2045,9.253038911
372,2045,9.253038911
373,2045,0.41738687
374,2045,0
375,2045,9.290218681
376,2045,9.290218683
377,2045,17.07738546
378,2045,9.290218681
379,2045,0
380,2045,3.818371605
381,2045,30.87414974
382,2045,20.82756222
383,2045,7.157756968
384,2045,7.157756967
385,2045,16.7182614
386,2045,7.181004366
387,2045,38.5783684
388,2045,38.57836842
389,2045,7.181004368
390,2045,34.69615803
391,2045,34.69615803
392,2045,34.69615803
393,2045,8.24316338
394,2045,8.243163375
395,2045,5.913754177
396,2045,5.913754179
397,2045,8.243163378
398,2045,14.5505583
399,2045,18.42871272
400,2045,12.43724478
401,2045,6.587349663
402,2045,28.08413101
403,2045,7.877876381
404,2045,4.322989401
405,2045,22.60088577
406,2045,8.944229931
407,2045,9.379945851
408,2045,9.379945851
409,2045,10.35065204
410,2045,14.5505583
411,2045,16.2412462
412,2045,5.913754179
413,2045,5.913754178
414,2045,5.913754178
415,2045,0
416,2045,12.7648524
417,2045,12.7648524
418,2045,0
419,2045,11.05188365
420,2045,0
421,2045,23.81791621
422,2045,24.61852544
423,2045,37.7900824
424,2045,15.72411099
425,2045,30.87414974
426,2045,27.74674319
427,2045,18.99571195
428,2045,37.79008241
429,2045,14.63850774
430,2045,27.40703212
431,2045,14.63850774
432,2045,37.7900824
433,2045,18.59114792
434,2045,7.157756968
435,2045,30.87414974
436,2045,14.63850774
437,2045,7.157756965
438,2045,7.157756968
439,2045,20.6313765
440,2045,29.20556175
441,2045,20.63137651
442,2045,55.39692454
443,2045,16.7182614
444,2045,17.07738545
445,2045,12.7648524
446,2045,12.7648524
447,2045,16.2412462
448,2045,33.15003265
449,2045,22.60088575
450,2045,21.07319799
451,2045,21.07319799
452,2045,21.94400577
453,2045,33.15003264
454,2045,11.05188365
455,2045,12.7648524
456,2045,11.05188365
457,2045,11.05188365
458,2045,23.81791621
459,2045,23.81791621
1,2050,113.0507564
2,2050,60.38457119
3,2050,43.61386528
4,2050,72.19132468
5,2050,129.2323802
6,2050,40.55615902
7,2050,38.81749309
8,2050,38.81749311
9,2050,18.17071476
10,2050,38.81749311
11,2050,64.80776772
12,2050,64.80776772
13,2050,110.5871811
14,2050,64.80776772
15,2050,110.5871811
16,2050,43.61386527
17,2050,113.0507563
18,2050,113.0507563
19,2050,113.0507563
20,2050,109.9060137
21,2050,113.0507563
22,2050,87.81636788
23,2050,110.5871811
24,2050,110.5871812
25,2050,24.14147779
26,2050,24.14147779
27,2050,82.43345993
28,2050,53.28645898
29,2050,24.71582548
30,2050,50.4447688
31,2050,87.8163679
32,2050,87.81636786
33,2050,109.9060137
34,2050,113.0507564
35,2050,114.7077037
36,2050,114.7077037
37,2050,163.1147362
38,2050,173.3845936
39,2050,163.1147361
40,2050,120.2278974
41,2050,50.4447688
42,2050,120.2278974
43,2050,50.44476882
44,2050,101.7361055
45,2050,50.4447688
46,2050,105.0653705
47,2050,26.68178797
48,2050,26.68178797
49,2050,190.2255897
50,2050,169.8528459
51,2050,163.1147362
52,2050,101.1754958
53,2050,163.1147361
54,2050,181.8556069
55,2050,96.12695216
56,2050,181.8556067
57,2050,96.12695216
58,2050,101.1754958
59,2050,101.1754958
60,2050,193.6261318
61,2050,181.8556069
62,2050,181.8556068
63,2050,105.2094292
64,2050,105.2094291
65,2050,76.48393694
66,2050,112.6135352
67,2050,112.6135352
68,2050,199.79474
69,2050,199.79474
70,2050,78.02020203
71,2050,78.02020204
72,2050,70.88551237
73,2050,0.468521701
74,2050,115.7978584
75,2050,80.93498011
76,2050,43.94312237
77,2050,80.93498008
78,2050,80.93498007
79,2050,80.93498013
80,2050,317.7228944
81,2050,317.7228944
82,2050,186.8824692
83,2050,186.8824692
84,2050,186.8824692
85,2050,113.0507564
86,2050,13.07535481
87,2050,195.9677482
88,2050,22.4381545
89,2050,25.09526399
90,2050,22.43815449
91,2050,25.09526399
92,2050,195.9677483
93,2050,81.3667947
94,2050,81.36679472
95,2050,81.36679471
96,2050,47.79070417
97,2050,47.79070419
98,2050,47.79070418
99,2050,47.79070419
100,2050,21.13984427
101,2050,21.13984426
102,2050,4.331934339
103,2050,21.13984427
104,2050,2.745319861
105,2050,16.98391907
106,2050,0.695236108
107,2050,21.63370555
108,2050,17.62986398
109,2050,10.89560399
110,2050,113.2715516
111,2050,113.2715516
112,2050,105.0653706
113,2050,10.53591397
114,2050,24.71582548
115,2050,18.79753686
116,2050,18.66483362
117,2050,28.91680918
118,2050,24.71582549
119,2050,20.8598479
120,2050,18.94346203
121,2050,18.17071476
122,2050,20.8598479
123,2050,18.94346203
124,2050,58.37520621
125,2050,38.81749311
126,2050,38.81749311
127,2050,72.19132467
128,2050,5.983903174
129,2050,5.983903174
130,2050,18.94346203
131,2050,15.85412112
132,2050,5.483443972
133,2050,18.94346204
134,2050,23.71786752
135,2050,22.49546987
136,2050,28.9168092
137,2050,28.91680918
138,2050,5.150409299
139,2050,18.79753685
140,2050,3.436701818
141,2050,3.436701818
142,2050,3.436701817
143,2050,22.49546988
144,2050,18.99893083
145,2050,19.77457067
146,2050,19.77457067
147,2050,19.77457067
148,2050,19.77457067
149,2050,0.356285761
150,2050,21.32895263
151,2050,16.35878429
152,2050,57.24623584
153,2050,0.35628576
154,2050,21.32895264
155,2050,21.32895263
156,2050,0
157,2050,10.89560399
158,2050,33.9339009
159,2050,26.61137857
160,2050,2.787791231
161,2050,33.93390089
162,2050,1.006283238
163,2050,37.90971567
164,2050,17.6398035
165,2050,17.63980351
166,2050,17.63980349
167,2050,37.90971567
168,2050,17.6398035
169,2050,16.83590191
170,2050,113.0507564
171,2050,112.6135352
172,2050,70.8705596
173,2050,70.87055959
174,2050,15.70891039
175,2050,8.142414834
176,2050,14.18717426
177,2050,15.70891039
178,2050,6.862894134
179,2050,6.862894129
180,2050,0
181,2050,11.98691611
182,2050,11.98691611
183,2050,6.060517152
184,2050,1.310520991
185,2050,0
186,2050,4.60085209
187,2050,14.17365732
188,2050,14.17365732
189,2050,4.600852091
190,2050,34.45505363
191,2050,28.10583716
192,2050,5.709108037
193,2050,5.709108037
194,2050,33.81873582
195,2050,4.60085209
196,2050,110.6818624
197,2050,2.864710651
198,2050,3.726137331
199,2050,110.6818624
200,2050,2.864710651
201,2050,2.86471065
202,2050,23.25428426
203,2050,12.63542902
204,2050,2.213457464
205,2050,23.25428425
206,2050,1.283872612
207,2050,5.983903174
208,2050,5.983903175
209,2050,12.63542902
210,2050,5.983903173
211,2050,110.6818624
212,2050,0
213,2050,0.905976978
214,2050,0.905976978
215,2050,2.029732199
216,2050,5.208995176
217,2050,5.208995177
218,2050,5.208995175
219,2050,11.32032377
220,2050,11.32032377
221,2050,11.32032377
222,2050,11.32032377
223,2050,0
224,2050,0
225,2050,2.029732198
226,2050,2.029732199
227,2050,0
228,2050,2.029732198
229,2050,5.208995178
230,2050,5.208995175
231,2050,0
232,2050,0.121192121
233,2050,23.25428424
234,2050,0.577545704
235,2050,0.577545704
236,2050,0
237,2050,0
238,2050,0.577545704
239,2050,0
240,2050,0
241,2050,0
242,2050,3.581763742
243,2050,0.058131632
244,2050,0.058131632
245,2050,0.058131632
246,2050,0
247,2050,0
248,2050,2.629268057
249,2050,0
250,2050,11.32032377
251,2050,0
252,2050,19.65583427
253,2050,19.65583427
254,2050,19.65583427
255,2050,4.745214369
256,2050,4.832004558
257,2050,15.20059755
258,2050,15.3141188
259,2050,15.3141188
260,2050,15.3141188
261,2050,12.81876095
262,2050,12.81876094
263,2050,20.75454665
264,2050,20.75454665
265,2050,15.70891039
266,2050,15.31411879
267,2050,16.78371989
268,2050,16.90672205
269,2050,93.76422968
270,2050,21.91258459
271,2050,93.76422967
272,2050,34.93342348
273,2050,15.01910176
274,2050,15.01910176
275,2050,19.65583427
276,2050,19.65583427
277,2050,0.046772807
278,2050,16.98391906
279,2050,19.65583427
280,2050,19.65583427
281,2050,0.046772807
282,2050,0
283,2050,32.40235317
284,2050,16.98391906
285,2050,32.40235317
286,2050,14.52458435
287,2050,2.808629229
288,2050,7.964849776
289,2050,7.96484977
290,2050,4.50924269
291,2050,9.260645106
292,2050,12.437381
293,2050,14.52458435
294,2050,7.964849772
295,2050,33.11165618
296,2050,14.52458434
297,2050,14.52458435
298,2050,12.06613375
299,2050,9.260645104
300,2050,13.42668126
301,2050,11.57428178
302,2050,16.78371989
303,2050,16.78371989
304,2050,33.06036786
305,2050,22.65014411
306,2050,16.78371989
307,2050,16.78371989
308,2050,6.947427006
309,2050,15.96672254
310,2050,15.96672254
311,2050,33.06036786
312,2050,15.96672255
313,2050,19.41770708
314,2050,21.91258458
315,2050,15.70891039
316,2050,15.00197868
317,2050,15.00197868
318,2050,15.70891039
319,2050,0.095511414
320,2050,2.116219557
321,2050,15.00197868
322,2050,15.00197868
323,2050,3.126311695
324,2050,3.126311694
325,2050,0
326,2050,14.52458435
327,2050,3.467781295
328,2050,12.437381
329,2050,12.437381
330,2050,12.437381
331,2050,3.467781295
332,2050,3.467781294
333,2050,32.88147748
334,2050,46.33373151
335,2050,6.590197939
336,2050,5.936654363
337,2050,32.88147748
338,2050,3.467781294
339,2050,30.33341113
340,2050,3.467781294
341,2050,5.936654364
342,2050,5.936654361
343,2050,0.128741175
344,2050,4.635066925
345,2050,4.635066929
346,2050,4.635066927
347,2050,0.05172429
348,2050,65.32996733
349,2050,7.732200549
350,2050,65.32996735
351,2050,65.32996733
352,2050,65.32996737
353,2050,0.091154283
354,2050,0.23844742
355,2050,0.036181506
356,2050,0.049720201
357,2050,0.174756031
358,2050,0.049720201
359,2050,0.049720201
360,2050,3.929178603
361,2050,6.705939944
362,2050,6.705939952
363,2050,3.929178602
364,2050,9.122195892
365,2050,0
366,2050,0.52153651
367,2050,18.06011741
368,2050,15.40023718
369,2050,0.267807367
370,2050,0.267807367
371,2050,9.122195894
372,2050,9.122195892
373,2050,0.411484791
374,2050,0
375,2050,9.15884992
376,2050,9.158849921
377,2050,16.83590191
378,2050,9.15884992
379,2050,0
380,2050,3.764377747
381,2050,30.43757242
382,2050,20.53304913
383,2050,7.056542379
384,2050,7.056542378
385,2050,16.48185606
386,2050,7.079461045
387,2050,38.03284923
388,2050,38.03284923
389,2050,7.079461048
390,2050,34.20553541
391,2050,34.20553542
392,2050,34.20553543
393,2050,8.126600549
394,2050,8.126600547
395,2050,5.830130467
396,2050,5.830130465
397,2050,8.12660055
398,2050,14.34480547
399,2050,18.16812067
400,2050,12.26137535
401,2050,6.494200949
402,2050,27.68700607
403,2050,7.76647891
404,2050,4.261859973
405,2050,22.28129691
406,2050,8.81775364
407,2050,9.247308299
408,2050,9.247308303
409,2050,10.20428817
410,2050,14.34480547
411,2050,16.01158612
412,2050,5.830130467
413,2050,5.830130468
414,2050,5.830130467
415,2050,0
416,2050,12.58435042
417,2050,12.58435042
418,2050,0
419,2050,10.89560399
420,2050,0
421,2050,23.48111788
422,2050,24.27040606
423,2050,37.25571003
424,2050,15.50176348
425,2050,30.43757242
426,2050,27.3543891
427,2050,18.72710222
428,2050,37.25571001
429,2050,14.43151125
430,2050,27.01948173
431,2050,14.43151125
432,2050,37.25571001
433,2050,18.32825895
434,2050,7.056542379
435,2050,30.43757242
436,2050,14.43151126
437,2050,7.056542377
438,2050,7.056542379
439,2050,20.33963759
440,2050,28.79257918
441,2050,20.33963758
442,2050,54.6135818
443,2050,16.48185606
444,2050,16.83590191
445,2050,12.58435042
446,2050,12.58435042
447,2050,16.01158612
448,2050,32.68127309
449,2050,22.2812969
450,2050,20.77521147
451,2050,20.77521147
452,2050,21.63370556
453,2050,32.68127309
454,2050,10.89560399
455,2050,12.58435043
456,2050,10.89560398
457,2050,10.89560398
458,2050,23.48111787
459,2050,23.48111788
